model_year,KM,HP,Litros,Cilindros,price_eur
2014,114263,285.0,3.6,6.0,20020
2015,110361,270.0,3.5,6.0,23660
2018,112076,208.0,2.5,4.0,21835
2021,53913,260.0,2.4,4.0,30940
2018,120701,301.0,4.6,8.0,34666
2007,214526,153.0,2.3,4.0,2730
2007,193121,240.0,3.5,6.0,6142
2003,166931,115.0,1.6,4.0,5455
2006,254276,305.0,6.8,10.0,7735
2016,192317,184.0,2.5,4.0,13650
2007,85696,147.0,2.4,4.0,8418
2016,108291,241.0,2.0,4.0,18646
2017,101791,292.0,3.6,6.0,16972
2023,4076,301.0,4.6,8.0,59059
2007,11822,500.0,5.4,8.0,37309
2016,225630,303.0,3.7,6.0,9555
2020,79502,174.0,2.0,4.0,19019
2014,248236,265.0,3.5,6.0,11375
2021,67271,260.0,3.0,6.0,40859
2007,233355,242.0,3.3,6.0,3822
2016,98170,201.0,2.4,4.0,19110
2014,56327,302.0,3.5,6.0,27298
2021,35406,395.0,5.7,8.0,49868
2017,54959,380.0,3.0,6.0,41859
2018,119091,295.0,3.5,6.0,25434
2008,82077,480.0,3.6,6.0,63245
2016,179764,169.0,2.5,4.0,14105
2019,37385,424.0,3.0,6.0,40949
2023,24462,296.0,2.0,4.0,57329
2020,42326,381.0,5.7,8.0,42041
2020,76444,293.0,3.6,6.0,28210
2015,157716,315.0,3.0,6.0,20475
2019,64485,252.0,2.0,4.0,25025
2021,108930,120.0,1.6,4.0,14287
2015,157233,440.0,6.7,8.0,36354
2020,40255,405.0,3.0,6.0,50050
2016,104607,240.0,2.0,4.0,17745
2013,157716,248.0,3.5,6.0,14105
2018,137599,355.0,5.3,8.0,32668
2018,72828,247.0,2.0,4.0,22745
2022,28164,318.0,3.3,6.0,41860
2020,35727,287.0,3.6,6.0,33488
2015,110486,288.0,3.6,6.0,17244
2012,92114,285.0,3.6,6.0,20475
2015,117482,220.0,2.0,4.0,15652
2013,181856,265.0,2.5,4.0,14560
2015,24409,240.0,3.0,6.0,31850
2020,78235,420.0,6.2,8.0,55965
2022,42680,400.0,5.6,8.0,58240
2008,95365,255.0,3.0,6.0,16562
2001,103495,260.0,5.4,8.0,6825
2017,169142,300.0,3.0,6.0,21203
2012,128748,261.0,4.0,6.0,13468
2016,135862,360.0,6.0,8.0,33488
2011,149669,335.0,4.7,8.0,10829
2017,39075,228.0,2.0,4.0,26390
2010,289199,172.0,2.4,4.0,4095
2017,140818,200.0,2.0,4.0,18200
2022,22531,276.0,3.6,6.0,42679
2012,62311,333.0,3.0,6.0,28210
2012,267151,290.0,3.6,6.0,11830
2022,29284,400.0,3.0,6.0,56420
2014,144138,302.0,3.5,6.0,17285
2017,172811,300.0,3.0,6.0,15925
2007,100278,177.0,2.4,4.0,11739
2022,32589,375.0,2.9,6.0,62335
2008,239792,173.0,2.7,6.0,3504
2019,52304,385.0,3.0,6.0,39585
2022,40073,310.0,2.7,4.0,45409
2022,42648,440.0,3.5,6.0,59969
2006,197949,400.0,6.0,8.0,13650
2010,172200,210.0,3.7,6.0,5369
2016,125691,449.0,4.7,8.0,31395
2002,241402,175.0,3.9,6.0,5005
2017,88514,420.0,6.2,8.0,45409
2008,78858,420.0,4.2,8.0,57330
2005,233355,325.0,6.0,8.0,20475
2023,15128,180.0,1.6,4.0,28665
2017,41843,350.0,2.3,4.0,33670
2005,153161,280.0,3.2,6.0,22659
2023,2414,382.0,3.0,6.0,77259
2012,201168,211.0,2.0,4.0,9555
2019,78053,349.0,3.0,6.0,39585
2016,82646,416.0,4.0,8.0,66430
2015,87479,173.0,1.6,4.0,14788
2019,62603,308.0,3.6,6.0,31577
2022,50070,471.0,6.4,8.0,75530
2012,226113,324.0,6.0,8.0,10738
2012,245457,200.0,2.4,4.0,9919
2016,63891,268.0,3.5,6.0,23205
2018,135272,152.0,2.0,4.0,19564
2016,104285,560.0,4.0,8.0,45500
2020,55200,335.0,3.0,6.0,47775
2019,129069,385.0,6.2,8.0,38675
2017,95756,310.0,2.3,4.0,19110
2016,61316,365.0,3.5,6.0,19110
2006,205996,286.0,2.0,4.0,34579
2005,249448,220.0,3.5,5.0,7275
2015,173074,170.0,1.8,4.0,12012
2016,94951,240.0,2.0,4.0,22750
2008,61316,260.0,2.0,4.0,18154
2006,308994,278.0,4.3,8.0,6725
2014,130035,175.0,2.5,4.0,9100
2023,9334,228.0,2.4,4.0,27291
2013,28968,412.0,5.0,8.0,26390
2022,10300,241.0,2.0,4.0,37765
2014,165125,355.0,5.3,8.0,23205
2022,51365,475.0,6.4,8.0,58862
2012,212411,200.0,2.0,4.0,8190
2009,145432,118.0,1.6,4.0,8418
2014,88514,265.0,2.5,4.0,27300
2015,180247,310.0,3.5,6.0,26845
2021,53108,300.0,3.6,6.0,24569
2020,45044,228.0,2.0,4.0,26390
2003,53546,192.0,2.3,4.0,10829
2007,131001,166.0,2.0,4.0,10010
2022,40910,158.0,2.0,4.0,22295
2018,102998,450.0,6.7,8.0,58240
2007,59707,306.0,3.5,6.0,15379
2018,31060,425.0,3.0,6.0,58240
2003,228205,230.0,4.7,8.0,5187
2000,153210,120.0,2.5,4.0,10919
2020,22426,174.0,1.5,4.0,23660
2022,10686,455.0,6.2,8.0,47319
2018,115068,577.0,5.5,8.0,55510
2011,203904,312.0,3.6,6.0,12740
2009,90123,518.0,6.3,8.0,40814
2003,75435,142.0,1.8,4.0,10465
2019,112332,395.0,5.0,8.0,31486
2008,311864,258.0,3.2,6.0,9100
2014,189415,300.0,3.6,6.0,15447
2016,142588,208.0,2.0,4.0,15288
2021,51901,260.0,2.4,4.0,32760
2020,29290,228.0,2.0,4.0,26845
2019,83686,131.0,2.0,4.0,17745
2018,112010,362.0,3.0,6.0,37208
2010,111045,315.0,4.6,8.0,18200
2008,151528,275.0,4.6,8.0,9555
2019,17432,335.0,3.0,6.0,38675
2012,64309,400.0,4.4,8.0,35485
2013,82881,325.0,3.7,6.0,21749
2012,53108,291.0,2.0,4.0,31849
2007,184315,360.0,4.8,8.0,8190
2017,195576,400.0,5.6,8.0,25935
2022,16898,375.0,2.0,4.0,45499
2013,220466,198.0,2.4,4.0,10010
2018,64374,400.0,2.0,4.0,38220
2019,66305,380.0,3.0,6.0,55055
2003,231102,180.0,1.8,4.0,3821
2020,73732,291.0,3.8,6.0,34307
2008,217261,300.0,3.0,6.0,5186
2007,241402,403.0,6.2,8.0,9099
2000,64374,290.0,4.0,8.0,14014
2000,197861,181.0,4.0,6.0,12649
2011,294510,381.0,5.7,8.0,14560
2018,59546,471.0,5.0,8.0,58237
2008,191512,210.0,4.0,6.0,12285
2015,46188,404.0,3.0,6.0,22659
2015,185075,260.0,3.5,6.0,10915
2008,117482,268.0,3.5,6.0,7644
2020,91733,365.0,3.3,6.0,33215
2017,126334,445.0,4.4,8.0,38220
2013,59143,445.0,4.4,8.0,32759
2019,74030,305.0,3.6,6.0,34489
2017,41843,420.0,5.0,8.0,30576
2003,88594,400.0,6.75,8.0,31845
2022,9978,275.0,2.3,4.0,44590
2002,67592,290.0,4.3,8.0,14559
2016,93945,302.0,3.5,6.0,22749
2021,16737,490.0,6.2,8.0,66339
2005,147126,215.0,2.5,6.0,8099
2017,45704,469.0,4.0,8.0,50596
2015,199559,420.0,3.6,6.0,22750
2016,215652,240.0,2.0,4.0,12285
2014,148060,260.0,4.0,6.0,25025
2021,71411,310.0,3.6,6.0,32760
2002,144036,300.0,4.3,8.0,14559
2007,188293,306.0,3.5,6.0,9077
2017,80485,148.0,2.0,4.0,19560
2007,125851,510.0,5.5,12.0,20929
2010,261794,320.0,5.3,8.0,10920
2022,7387,188.0,2.0,4.0,58240
2020,57936,475.0,6.4,8.0,56420
2021,8111,295.0,3.5,6.0,44499
2016,174614,523.0,6.0,12.0,57785
2002,96971,333.0,3.2,6.0,26162
2021,18441,420.0,6.2,8.0,80899
2018,170066,375.0,3.5,6.0,31845
2013,168981,318.0,3.6,6.0,10920
2020,109435,450.0,3.5,6.0,50959
2000,43291,240.0,2.0,4.0,31850
2018,98170,335.0,3.0,6.0,30940
2022,14153,285.0,3.6,6.0,49140
2009,230693,152.0,2.0,4.0,2730
2015,38141,425.0,3.0,6.0,38948
2015,260714,440.0,6.7,8.0,29120
2007,12553,260.0,2.0,4.0,17290
2006,33796,505.0,7.0,8.0,43225
2014,179683,290.0,3.5,6.0,15925
2010,276846,210.0,3.7,6.0,6825
2014,205996,201.0,1.6,4.0,10010
2016,80467,340.0,3.0,6.0,32760
2013,140818,292.0,3.6,6.0,12512
2014,230539,300.0,3.0,6.0,11829
2012,139416,320.0,3.0,6.0,19105
2020,30899,355.0,5.3,8.0,63699
2018,32992,600.0,4.4,8.0,60970
2010,246764,378.0,4.6,8.0,9100
2021,37981,296.0,2.0,4.0,39129
2011,158775,360.0,5.7,8.0,13645
2008,281635,381.0,5.7,8.0,34489
2015,118287,241.0,2.0,4.0,17290
2006,153612,333.0,3.2,6.0,38220
2014,205901,138.0,1.6,4.0,6825
2011,131966,320.0,3.0,6.0,18200
2008,117482,210.0,3.3,6.0,10465
2017,81722,440.0,6.7,8.0,55510
2021,85567,420.0,6.2,8.0,74165
2012,247839,206.0,2.4,4.0,7735
2021,39484,147.0,2.0,4.0,19929
2008,123115,306.0,3.5,6.0,25480
2018,26200,365.0,2.5,4.0,77805
2020,62443,550.0,5.0,8.0,52325
2006,140818,300.0,5.4,8.0,11829
2004,74030,302.0,5.0,8.0,17156
2006,160291,168.0,1.6,4.0,5005
2009,275198,268.0,3.5,6.0,4322
2013,178637,375.0,5.0,8.0,13650
2009,118287,170.0,3.3,6.0,7151
2014,205191,429.0,4.7,8.0,26390
2015,82077,357.0,1.5,3.0,48230
2020,92215,395.0,5.7,8.0,39585
2008,205996,353.0,6.0,8.0,21385
2002,166567,190.0,4.0,6.0,11375
2022,25106,315.0,2.7,6.0,62785
2015,82720,467.0,5.0,8.0,39130
2019,57132,460.0,5.0,8.0,29393
2014,154880,420.0,4.0,8.0,20475
2016,57936,435.0,5.0,8.0,28210
2008,179120,268.0,3.5,6.0,7189
2019,46671,247.0,2.0,4.0,31395
2009,56327,360.0,4.8,8.0,16835
2007,32509,400.0,6.0,8.0,25025
2018,115340,240.0,2.0,4.0,18200
2005,284357,325.0,6.0,8.0,11830
2017,86905,160.0,1.5,4.0,14560
2008,196340,166.0,2.4,4.0,9555
2018,29773,526.0,5.2,8.0,70979
2010,140818,315.0,4.6,8.0,13559
2019,53108,450.0,6.7,8.0,53690
2016,131966,240.0,2.0,4.0,15465
2011,252667,270.0,4.0,6.0,21385
2020,65983,410.0,6.4,8.0,41419
2013,172200,140.0,1.8,4.0,12740
2011,239792,236.0,4.0,6.0,17285
2005,245055,305.0,5.6,8.0,6279
2014,251368,550.0,4.8,8.0,32760
2014,36532,350.0,3.4,6.0,77805
2013,49890,316.0,6.2,8.0,31850
2018,16639,280.0,3.6,6.0,33661
2011,167372,300.0,3.6,6.0,19019
2020,80305,518.0,5.0,8.0,58695
2011,291291,211.0,2.0,4.0,5005
2004,225308,225.0,3.0,6.0,6124
2018,113909,308.0,3.5,6.0,32487
2017,233355,284.0,3.5,6.0,7735
2020,71777,182.0,2.5,4.0,25753
2022,11265,437.0,3.4,6.0,68705
2022,30899,420.0,6.2,8.0,63509
2021,77731,383.0,5.7,8.0,74620
2014,188293,290.0,3.5,6.0,9919
2023,16737,291.0,3.8,6.0,43680
2006,179004,195.0,4.3,6.0,3640
2013,180247,340.0,3.0,6.0,8008
2020,74834,203.0,2.5,4.0,32032
2008,102596,393.0,6.2,8.0,50050
2018,80467,280.0,2.0,4.0,25025
2021,53237,325.0,2.7,6.0,43544
2017,149231,355.0,5.3,8.0,31759
2018,83444,400.0,3.0,6.0,26299
2015,2414,188.0,3.0,6.0,35945
2020,35406,463.0,4.0,8.0,63245
2007,305594,204.0,2.5,6.0,3635
2015,117482,345.0,3.0,6.0,16379
2011,66488,382.0,5.5,8.0,28209
2006,244620,263.0,4.7,8.0,12735
2009,299278,168.0,2.4,4.0,4641
2020,40407,523.0,4.4,8.0,60060
2009,223699,300.0,5.3,8.0,13195
2019,46277,385.0,3.0,6.0,55828
2023,10337,291.0,3.8,6.0,38675
2015,138404,540.0,4.4,8.0,26390
2018,93503,518.0,5.0,8.0,48684
2018,28968,454.0,4.7,8.0,60970
2003,183465,345.0,5.7,8.0,9737
2019,70570,290.0,3.3,6.0,27300
2021,143232,270.0,2.3,4.0,30940
2022,51258,389.0,3.0,6.0,55055
2017,91485,335.0,2.7,6.0,26390
2005,151439,255.0,3.6,6.0,5550
2019,170055,355.0,5.3,8.0,35490
2015,209215,429.0,4.7,8.0,22295
2010,116677,122.0,1.8,4.0,6142
2001,178637,200.0,3.8,6.0,10010
2009,60350,332.0,3.7,6.0,19565
2005,191512,250.0,3.5,6.0,3185
2022,49190,192.0,2.0,4.0,26390
2015,148737,440.0,6.7,8.0,47229
2018,68848,455.0,6.2,8.0,37401
2010,251058,265.0,3.5,6.0,5369
2006,273588,278.0,4.3,8.0,6825
2023,8690,375.0,3.5,6.0,54600
2011,302368,201.0,2.4,4.0,5005
2016,72908,348.0,3.8,6.0,19109
2016,131001,295.0,3.5,6.0,23660
2016,108629,285.0,3.6,6.0,25025
2019,131966,280.0,3.5,6.0,29549
2012,127138,402.0,4.6,8.0,18199
2019,42648,505.0,2.9,6.0,49049
2004,122572,325.0,6.0,8.0,18655
2020,48280,280.0,2.0,4.0,26299
2013,107826,261.0,4.0,6.0,14105
2022,17703,184.0,2.0,4.0,25389
2023,5472,275.0,2.3,4.0,51870
2010,182661,272.0,3.5,6.0,10010
2022,69202,228.0,2.0,4.0,32532
2021,109435,248.0,2.0,4.0,33214
2013,171717,332.0,3.7,6.0,15925
2017,113942,520.0,4.8,8.0,48229
2017,187167,301.0,4.6,8.0,29074
2009,120057,400.0,4.4,8.0,13650
2007,157272,350.0,6.7,6.0,18198
2013,101665,202.0,2.5,4.0,11825
2010,138598,268.0,3.5,6.0,12376
2019,33796,335.0,3.0,6.0,38220
2017,108602,188.0,2.0,4.0,10464
2016,160130,355.0,5.3,8.0,25475
2009,221446,172.0,1.6,4.0,6261
2001,102998,310.0,5.7,8.0,19110
2017,26876,131.0,2.0,4.0,24115
2018,27359,285.0,3.6,6.0,35035
2014,31704,189.0,2.0,4.0,12285
2010,109114,268.0,3.5,6.0,12739
2016,191512,281.0,3.6,6.0,11375
2016,109435,310.0,3.6,6.0,29984
2018,119705,248.0,2.0,4.0,20925
2023,9656,310.0,3.6,6.0,44135
2015,158335,166.0,2.4,4.0,9555
2011,119896,412.0,5.0,8.0,20020
2017,47830,311.0,3.8,6.0,26845
2014,299338,302.0,3.5,6.0,9100
2005,138404,282.0,4.7,8.0,20475
2017,31624,400.0,3.5,6.0,63018
2008,304971,162.0,2.4,4.0,5460
2014,114263,240.0,2.0,4.0,15197
2006,306831,273.0,4.7,8.0,8099
2018,110119,279.0,3.5,6.0,21385
2005,167372,355.0,3.8,6.0,40768
2007,6515,400.0,6.0,8.0,34580
2023,3541,325.0,2.0,4.0,68250
2018,98170,471.0,5.0,8.0,59150
2020,107942,375.0,3.5,6.0,35035
2016,113591,300.0,3.0,6.0,31850
2011,221257,188.0,1.6,4.0,2912
2013,191512,403.0,6.2,8.0,18655
2018,63247,320.0,3.0,6.0,28892
2014,67592,451.0,6.2,8.0,40950
2010,249448,273.0,3.7,6.0,7553
2019,79663,185.0,2.4,4.0,25480
2005,74352,325.0,3.6,6.0,45499
2016,65983,285.0,3.6,6.0,22750
2016,74352,340.0,3.0,6.0,37765
2017,37258,416.0,4.0,8.0,76895
2007,72420,172.0,1.6,4.0,7189
2013,104607,159.0,2.7,4.0,18655
2000,214864,120.0,2.2,4.0,4095
2013,89640,385.0,5.0,8.0,24752
2004,127943,180.0,1.8,4.0,10920
2022,24140,335.0,3.0,6.0,57330
2011,177028,400.0,4.4,8.0,10920
2013,208986,200.0,2.0,4.0,12276
2014,83686,275.0,2.7,6.0,33670
2019,82077,295.0,3.5,6.0,26390
2010,159325,170.0,2.5,5.0,5460
2009,162109,173.0,2.7,6.0,6347
2013,102998,400.0,3.8,6.0,60970
2014,144822,411.0,6.2,8.0,38675
2017,136450,285.0,3.6,6.0,21385
2008,213238,325.0,3.6,6.0,31850
2019,30573,189.0,2.0,4.0,24342
2022,6759,315.0,2.7,6.0,60055
2021,109114,400.0,5.6,8.0,33215
2013,160168,386.0,4.6,8.0,22659
2015,247517,355.0,5.3,8.0,20930
2010,195133,204.0,2.5,6.0,12058
2019,94951,304.0,3.6,6.0,19110
2013,88514,260.0,2.0,4.0,16380
2023,357,310.0,3.6,6.0,62790
2016,127943,240.0,2.0,4.0,17290
2010,198754,147.0,2.4,4.0,8645
2016,88916,425.0,3.0,6.0,45499
2013,116677,429.0,4.6,8.0,28620
2015,173809,310.0,3.0,6.0,18198
2018,92537,424.0,3.0,6.0,38129
2003,128878,302.0,5.0,8.0,11375
2016,40234,335.0,3.6,6.0,16379
2002,190707,285.0,5.3,8.0,5369
2006,177028,275.0,4.6,8.0,4550
2019,76481,248.0,2.0,4.0,28210
2016,224021,161.0,2.1,4.0,20020
2020,47798,395.0,3.0,6.0,61880
2020,91733,375.0,3.5,6.0,34125
2021,28501,301.0,4.6,8.0,53690
2018,116505,325.0,2.7,6.0,31850
2010,14402,426.0,6.2,8.0,27300
2020,83686,395.0,3.0,6.0,50050
2012,208177,106.0,1.5,4.0,7234
2021,16013,365.0,3.3,6.0,49094
2015,230136,275.0,3.7,6.0,20475
2013,140015,200.0,2.5,4.0,16375
2021,31527,315.0,2.7,6.0,50049
2019,48763,188.0,2.0,4.0,27755
2014,201168,510.0,5.0,8.0,20475
2011,106217,265.0,2.9,6.0,25480
2015,88031,220.0,2.0,4.0,19105
2018,113386,300.0,3.6,6.0,41728
2019,96561,335.0,3.0,6.0,33215
2007,219515,260.0,3.8,6.0,6142
2004,60547,350.0,5.7,8.0,23205
2015,117482,240.0,3.0,6.0,30940
2003,42149,302.0,5.0,8.0,20020
2018,32509,355.0,5.3,8.0,39084
2016,94951,240.0,2.0,4.0,19109
2018,80467,383.0,5.7,8.0,59150
2007,9424,295.0,3.4,6.0,40950
2020,37260,292.0,3.6,6.0,25708
2012,105814,261.0,4.0,6.0,14555
2000,212755,400.0,5.0,8.0,24479
2003,165762,210.0,3.7,6.0,4732
2013,182492,403.0,6.2,8.0,17108
2014,120818,302.0,3.5,6.0,19565
2019,57238,265.0,2.0,4.0,23660
2013,159647,302.0,3.5,6.0,10460
2012,148188,240.0,2.0,4.0,13195
2013,217261,445.0,4.4,8.0,12740
2023,16061,355.0,5.3,8.0,74620
2001,114984,200.0,3.8,6.0,9555
2019,67588,227.0,2.5,4.0,22745
2019,86905,219.0,2.5,4.0,30030
2018,58953,518.0,5.0,8.0,66036
2008,231746,323.0,6.0,8.0,20020
2013,140119,310.0,3.0,6.0,19109
2022,20921,335.0,3.0,6.0,62790
2016,144036,410.0,6.4,8.0,31850
2019,91733,285.0,3.6,6.0,36309
2017,60994,208.0,2.0,4.0,20020
2012,106217,181.0,1.6,4.0,10009
2014,129683,402.0,4.7,8.0,23660
2017,32464,285.0,3.6,6.0,43225
2012,164153,240.0,3.2,6.0,9828
2012,68009,290.0,3.5,6.0,15470
2001,104247,200.0,3.8,6.0,6825
2020,45062,425.0,3.0,6.0,54509
2017,126683,180.0,2.4,4.0,15925
2016,134219,235.0,2.0,4.0,20470
2017,163831,510.0,5.0,8.0,33215
2016,145145,241.0,2.0,4.0,16375
2012,98894,333.0,3.0,6.0,17745
2016,295385,355.0,5.3,8.0,20020
2023,13552,395.0,3.0,6.0,81900
2016,138729,240.0,2.0,4.0,17062
2006,125608,300.0,4.2,8.0,12722
2018,162331,200.0,2.5,4.0,21294
2009,41038,385.0,3.8,6.0,72795
2014,83782,348.0,3.8,6.0,13650
2018,65903,340.0,3.0,6.0,36172
2014,68236,240.0,3.0,6.0,24115
2002,143232,200.0,3.8,6.0,9464
2015,259104,200.0,2.5,4.0,10465
2023,4812,400.0,6.7,6.0,63609
2009,260714,262.0,3.5,6.0,6825
2017,79984,228.0,2.0,4.0,23660
2017,102193,420.0,5.0,8.0,25025
2011,168981,375.0,5.0,8.0,9100
2011,64374,510.0,5.0,8.0,18200
2011,189903,360.0,5.7,8.0,11375
2022,16898,400.0,3.0,6.0,45500
2019,156106,370.0,6.7,6.0,40950
2016,115873,429.0,5.0,8.0,19474
2012,86905,330.0,3.4,6.0,68250
2015,188763,240.0,2.0,4.0,10920
2018,101646,463.0,4.0,8.0,42770
2015,138030,109.0,1.6,4.0,7508
2011,212433,305.0,3.7,6.0,10009
2006,271979,360.0,6.6,8.0,17745
2011,218232,136.0,1.8,4.0,6370
2011,88514,202.0,3.8,6.0,31850
2018,109218,410.0,6.4,8.0,33215
2007,116140,552.0,6.0,12.0,32755
2018,82077,381.0,5.7,8.0,34580
2013,96561,344.0,3.8,6.0,15015
2010,232067,210.0,4.0,6.0,9099
2001,175993,310.0,6.8,10.0,11602
2008,24172,173.0,2.4,4.0,16835
2021,37659,420.0,6.2,8.0,47320
2022,10622,430.0,7.3,8.0,66339
2020,27359,300.0,2.3,4.0,19110
2018,51917,201.0,2.4,4.0,19109
2018,25750,260.0,3.5,6.0,27755
2009,170590,280.0,2.8,6.0,11784
2009,125408,268.0,3.5,6.0,15015
2018,19908,189.0,2.0,4.0,26299
2007,45889,400.0,6.0,8.0,29120
2014,135990,410.0,6.4,8.0,30940
2013,253319,248.0,3.5,6.0,9782
2019,12199,456.0,4.4,8.0,46865
2012,158359,333.0,3.0,6.0,16380
2016,136794,355.0,5.3,8.0,29802
2013,60350,333.0,3.0,6.0,23660
2017,135185,292.0,2.0,4.0,28210
2020,108470,381.0,5.7,8.0,43225
2008,102187,330.0,3.7,6.0,13650
2014,160128,210.0,2.0,4.0,13650
2016,102998,510.0,5.0,8.0,33665
2022,3235,490.0,6.2,8.0,80990
2008,266379,270.0,3.5,6.0,8190
2014,144036,310.0,3.0,6.0,16380
2019,53913,385.0,3.0,6.0,41651
2014,59642,420.0,5.0,8.0,25935
2011,214854,412.0,5.0,8.0,21385
2021,52202,315.0,2.7,6.0,46410
2007,273588,244.0,3.5,6.0,7007
2001,145485,140.0,2.4,4.0,4090
2010,104607,210.0,2.0,4.0,8099
2023,314,310.0,3.5,6.0,79625
2011,168981,414.0,4.0,8.0,19929
2016,74194,429.0,4.7,8.0,32123
2014,134082,208.0,2.0,4.0,13650
2021,24140,355.0,3.0,6.0,62790
2010,25106,485.0,3.8,6.0,63245
2019,85992,355.0,5.3,8.0,33624
2022,13518,285.0,3.6,6.0,42770
2010,112654,425.0,6.1,8.0,20020
2019,72099,420.0,6.2,8.0,47775
2019,68764,450.0,3.5,6.0,41814
2016,180247,304.0,3.6,6.0,13285
2001,77063,300.0,3.4,6.0,29115
2019,11319,460.0,6.2,8.0,58149
2021,56274,382.0,3.0,6.0,45499
2010,165249,158.0,2.0,4.0,5460
2019,34440,280.0,2.0,4.0,25935
2013,83757,400.0,3.8,6.0,69615
2023,4987,389.0,3.0,6.0,68245
2022,11265,455.0,6.2,8.0,45500
2022,22531,228.0,2.4,4.0,31849
2019,67441,445.0,4.4,8.0,41859
2005,120701,240.0,2.7,6.0,15925
2016,64503,315.0,3.0,6.0,25934
2017,21670,455.0,6.2,8.0,40859
2012,182661,390.0,5.7,8.0,16289
2018,54235,160.0,2.0,4.0,10920
2020,58741,475.0,6.7,8.0,63609
2018,33273,400.0,2.5,5.0,69160
2018,140818,252.0,2.0,4.0,25480
2014,122310,404.0,3.0,6.0,17290
2012,257286,170.0,2.5,5.0,8872
2007,209215,275.0,4.6,8.0,3184
2023,9978,400.0,5.6,8.0,43680
2002,194731,220.0,3.0,6.0,5777
2008,147899,268.0,3.5,6.0,8099
2002,177833,240.0,2.0,4.0,24570
2019,60994,201.0,2.4,4.0,23660
2021,114212,395.0,5.7,8.0,30940
2008,151747,260.0,2.0,4.0,13195
2020,71595,400.0,2.0,4.0,59150
2019,45401,184.0,2.0,4.0,25025
2017,107826,381.0,5.7,8.0,34579
2018,98901,295.0,3.5,6.0,28210
2018,120057,152.0,2.0,4.0,21840
2015,18104,429.0,4.7,8.0,49595
2015,82559,143.0,1.8,4.0,15925
2022,6371,389.0,3.4,6.0,50050
2018,77249,300.0,3.0,6.0,29120
2006,269565,295.0,5.3,8.0,13195
2017,205996,440.0,6.7,8.0,45500
2022,23416,201.0,2.0,4.0,37765
2023,3413,252.0,2.0,4.0,37082
2015,164153,268.0,2.0,4.0,16380
2008,234964,272.0,3.5,6.0,8185
2019,88353,335.0,3.0,6.0,44135
2018,105702,247.0,2.0,4.0,31759
2012,85295,292.0,3.6,6.0,12512
2021,31704,335.0,2.7,6.0,43680
2014,53250,325.0,3.4,6.0,45272
2013,171717,290.0,3.6,6.0,12285
2007,295242,300.0,3.7,6.0,7007
2007,247343,242.0,3.7,5.0,9095
2017,74191,362.0,3.0,6.0,30030
2021,38624,141.0,2.0,4.0,23205
2018,63730,220.0,2.0,4.0,24569
2022,20921,429.0,3.0,6.0,74165
2021,53841,381.0,5.7,8.0,40722
2021,77249,275.0,3.5,6.0,51870
2005,246230,250.0,2.7,6.0,5915
2018,107327,228.0,2.0,4.0,22659
2013,239792,290.0,3.5,6.0,7144
2013,137531,101.0,1.4,4.0,8190
2011,76283,518.0,6.3,8.0,37310
2011,161467,200.0,2.4,4.0,6279
2006,177430,230.0,3.3,6.0,10010
2009,148073,300.0,3.0,6.0,11375
2020,67361,591.0,4.0,8.0,83265
2020,25750,395.0,3.0,6.0,68705
2012,123919,211.0,2.0,4.0,12558
2018,94147,285.0,3.6,6.0,31850
2020,72808,335.0,3.0,6.0,49595
2012,226032,136.0,2.0,4.0,7735
2020,68746,255.0,2.0,4.0,30485
2014,217261,260.0,3.5,6.0,7735
2018,24129,456.0,4.4,8.0,40859
2015,92618,240.0,2.0,4.0,27295
2012,86905,310.0,3.0,6.0,33561
2006,189903,220.0,3.5,5.0,16289
2006,144820,268.0,3.5,6.0,8644
2004,152083,184.0,2.5,6.0,8190
2020,52304,206.0,2.4,4.0,29120
2010,116433,132.0,1.8,4.0,9095
2016,151761,385.0,6.2,8.0,26389
2013,180005,285.0,3.6,6.0,24115
2012,257896,403.0,6.2,8.0,11739
2022,43935,285.0,3.6,6.0,43225
2023,1867,453.0,3.0,6.0,66976
2012,140818,308.0,3.6,6.0,10464
2021,20117,503.0,3.0,6.0,81900
2018,79904,252.0,2.0,4.0,21612
2013,109233,230.0,3.0,6.0,16380
2017,76587,355.0,5.3,8.0,41405
2004,72420,250.0,3.5,6.0,5460
2008,66060,414.0,4.0,8.0,35026
2003,228873,239.0,4.6,8.0,4550
2011,128947,382.0,5.5,8.0,15925
2010,37229,430.0,6.2,8.0,31850
2015,122787,182.0,2.4,4.0,8645
2015,187022,360.0,6.0,8.0,29029
2019,93020,425.0,3.0,6.0,50959
2018,91053,208.0,2.0,4.0,19019
2010,286463,170.0,2.5,4.0,6916
2015,143473,360.0,4.6,8.0,29029
2012,76033,201.0,2.4,4.0,17836
2016,149669,355.0,5.3,8.0,27300
2016,122325,300.0,3.0,6.0,22704
2015,86905,235.0,2.0,4.0,24570
2007,288073,239.0,4.0,6.0,16289
2018,138404,290.0,3.5,6.0,24479
2015,62764,250.0,2.5,5.0,16289
2015,241402,310.0,3.5,6.0,15561
2017,93439,340.0,3.0,6.0,23660
2016,141622,335.0,2.7,6.0,16835
2011,116319,414.0,4.0,8.0,31804
2009,111725,320.0,4.6,8.0,33215
2017,106619,605.0,4.0,8.0,53872
2008,40274,380.0,4.3,8.0,35490
2016,49407,215.0,1.6,4.0,19565
2022,33278,300.0,2.3,4.0,41860
2019,117629,445.0,6.6,8.0,53235
2019,50855,460.0,5.0,8.0,37310
2012,111045,300.0,3.0,6.0,14469
2001,147757,310.0,5.7,8.0,11694
2011,231581,378.0,4.6,8.0,9054
2015,113781,445.0,4.4,8.0,20930
2018,61155,400.0,3.0,6.0,29120
2014,86100,302.0,3.5,6.0,22295
2020,38798,255.0,2.0,4.0,50960
2022,6444,186.0,2.5,4.0,23205
2011,279150,381.0,5.7,8.0,14560
2017,259104,290.0,3.5,6.0,15925
2019,104638,340.0,3.0,6.0,36855
2018,46098,505.0,2.9,6.0,37765
2017,142353,449.0,4.7,8.0,36399
2021,109516,291.0,3.8,6.0,26936
2021,22048,382.0,3.0,6.0,54600
2013,168981,300.0,3.7,6.0,6006
2015,136794,365.0,3.5,6.0,28210
2010,271049,245.0,3.5,6.0,9919
2007,260714,239.0,4.0,6.0,21819
2018,73708,240.0,2.0,4.0,19019
2017,84491,247.0,2.0,4.0,22704
2017,56078,295.0,3.6,6.0,27300
2023,13679,382.0,3.0,6.0,61789
2022,71550,121.0,1.8,4.0,20880
2009,223699,169.0,2.4,4.0,3822
2019,148060,420.0,6.2,8.0,47229
2004,227254,345.0,5.7,8.0,5187
2021,117218,255.0,2.0,4.0,37310
2003,265542,260.0,3.5,6.0,3640
2019,67592,340.0,3.0,6.0,44581
2012,280026,335.0,4.6,8.0,10919
2018,68639,220.0,2.0,4.0,29111
2013,24945,430.0,6.2,8.0,40950
2013,112252,300.0,3.0,6.0,14559
2007,205964,380.0,4.6,8.0,9099
2013,185075,288.0,3.6,6.0,12740
2016,173407,420.0,6.2,8.0,32305
2016,54162,383.0,5.7,8.0,57239
2021,48316,420.0,6.2,8.0,67795
2020,50453,425.0,3.0,6.0,56830
2012,262323,255.0,5.4,8.0,17790
2013,117482,227.0,2.5,5.0,12649
2015,229801,355.0,5.3,8.0,20929
2017,158520,335.0,3.0,6.0,22295
2018,119091,381.0,5.7,8.0,34580
2017,40234,567.0,4.4,8.0,59150
2008,103803,300.0,4.6,8.0,14560
2010,140415,202.0,3.8,6.0,16835
2020,53990,469.0,4.0,8.0,52779
2015,152083,355.0,5.3,8.0,27300
2015,164153,241.0,2.0,4.0,15470
2016,80144,340.0,3.0,6.0,34125
2015,180247,169.0,2.5,4.0,13195
2018,149669,152.0,2.0,4.0,14560
2020,56649,237.0,2.0,4.0,25935
2018,42648,354.0,3.0,6.0,34580
2009,249448,403.0,6.2,8.0,15379
2016,230603,161.0,2.1,4.0,30476
2017,314403,355.0,5.3,8.0,23660
2017,143798,310.0,2.3,4.0,19100
2005,183465,270.0,4.7,8.0,12240
2018,73413,420.0,6.2,8.0,46410
2018,106056,301.0,4.6,8.0,31577
2013,186478,283.0,3.6,6.0,8645
2020,72420,284.0,3.5,6.0,26389
2020,36210,316.0,2.0,4.0,45500
2013,157716,320.0,5.3,8.0,25024
2007,159325,403.0,6.2,8.0,20929
2015,312943,169.0,2.5,4.0,8998
2018,121451,355.0,5.3,8.0,31395
2015,269565,355.0,5.3,8.0,16380
2014,123919,305.0,2.5,4.0,27300
2016,153000,181.0,1.6,4.0,11602
2008,45303,430.0,6.2,8.0,28210
2015,226113,395.0,5.7,8.0,12740
2017,111738,335.0,2.7,6.0,24115
2014,57775,385.0,6.2,8.0,25389
2013,109958,180.0,2.4,4.0,10915
2019,30899,455.0,6.2,8.0,37765
2001,94629,190.0,2.3,4.0,8190
2009,69202,552.0,6.0,12.0,44135
2019,149140,450.0,6.7,8.0,45500
2018,65983,600.0,4.4,8.0,54782
2015,152299,385.0,6.2,8.0,29575
2019,79193,380.0,3.0,6.0,56807
2018,81111,252.0,2.0,4.0,25935
2017,101630,248.0,2.0,4.0,19565
2011,222170,335.0,4.7,8.0,15015
2013,69202,283.0,3.6,6.0,31850
2018,48039,550.0,4.0,8.0,81672
2009,305968,390.0,5.0,8.0,11375
2016,178637,158.0,2.0,4.0,11830
2014,160049,285.0,3.6,6.0,19110
2020,28164,180.0,2.4,4.0,23382
2015,123522,208.0,2.0,4.0,14559
2014,246793,182.0,2.5,4.0,8190
2015,176352,192.0,2.4,4.0,10829
2016,108277,449.0,4.7,8.0,38219
2016,231746,301.0,3.6,6.0,16744
2017,99414,567.0,4.4,8.0,41860
2009,78456,159.0,2.7,4.0,16289
2018,120701,355.0,5.3,8.0,32760
2010,134380,200.0,2.0,4.0,5915
2020,70811,280.0,3.5,6.0,31849
2017,86100,404.0,3.0,6.0,26117
2021,25910,146.0,2.0,4.0,23205
2014,62056,420.0,5.0,8.0,25935
2022,8208,120.0,1.6,4.0,17745
2009,112274,300.0,3.0,6.0,17745
2011,170590,385.0,5.0,8.0,8554
2021,72420,375.0,3.5,6.0,47320
2011,134807,263.0,3.5,6.0,8185
2018,66788,362.0,3.0,6.0,36262
2015,45062,444.0,4.7,8.0,40949
2014,137599,411.0,6.2,8.0,24479
2001,268760,300.0,6.0,8.0,5915
2011,165779,400.0,5.6,8.0,12285
2012,191512,211.0,2.0,4.0,10920
2018,83686,350.0,6.7,6.0,45500
2014,80628,240.0,2.0,4.0,9823
2005,151278,300.0,2.5,4.0,17745
2002,192317,320.0,3.6,6.0,33665
2019,59063,348.0,3.0,6.0,44581
2017,111510,304.0,3.6,6.0,19107
2019,31865,362.0,3.0,6.0,48958
2013,147862,333.0,3.0,6.0,21840
2018,102998,283.0,3.6,6.0,31850
2019,31060,335.0,3.0,6.0,32760
2021,83686,355.0,5.3,8.0,55510
2010,138677,304.0,3.6,6.0,15470
2020,148060,375.0,3.5,6.0,27299
2016,41387,435.0,5.0,8.0,30849
2016,68558,350.0,3.7,6.0,29074
2022,3040,221.0,2.5,4.0,29894
2004,148864,450.0,4.5,8.0,10920
2016,100584,425.0,3.0,6.0,36855
2022,47476,303.0,3.6,6.0,28210
2021,61155,470.0,6.4,8.0,66412
2007,80467,420.0,4.2,8.0,19929
2017,151232,420.0,6.2,8.0,42770
2005,273588,285.0,4.8,8.0,8190
2022,12002,455.0,6.2,8.0,43225
2012,254865,191.0,2.5,4.0,7508
2021,39703,490.0,6.2,8.0,65975
2012,312213,138.0,1.4,4.0,4459
2021,30578,255.0,2.0,4.0,34579
2004,239470,240.0,3.8,6.0,5915
2001,192960,240.0,2.0,4.0,16380
2015,114263,420.0,6.2,8.0,32759
2013,140819,225.0,4.6,8.0,16177
2017,173809,333.0,3.0,6.0,23659
2011,177028,230.0,3.0,6.0,5460
2004,283665,160.0,2.4,4.0,3412
2016,48280,170.0,1.8,4.0,17290
2009,173004,132.0,2.0,4.0,8645
2018,37820,450.0,3.5,6.0,45500
2004,262323,325.0,6.0,8.0,16380
2019,104374,450.0,3.5,6.0,42765
2011,273588,288.0,3.6,6.0,3640
2005,154497,340.0,5.7,8.0,10920
2012,198271,280.0,3.6,6.0,11329
2018,80345,293.0,3.6,6.0,24115
2020,69202,285.0,3.6,6.0,42315
2018,86019,420.0,6.2,8.0,45499
2009,215652,260.0,2.0,4.0,8645
2023,25325,389.0,3.0,6.0,61789
2008,112654,405.0,4.2,8.0,11830
2019,72420,445.0,4.4,8.0,42769
2013,166512,268.0,3.5,6.0,12922
2020,78858,355.0,5.3,8.0,40859
2016,67077,189.0,2.0,4.0,15920
2018,59707,395.0,5.0,8.0,41860
2020,65936,260.0,2.4,4.0,29575
2013,264737,270.0,3.5,6.0,15015
2001,96561,333.0,3.2,6.0,22750
2005,200761,180.0,1.8,4.0,6279
2021,18105,420.0,6.2,8.0,63928
2020,64709,485.0,6.4,8.0,34580
2012,171130,300.0,3.7,6.0,17290
2016,99779,469.0,4.0,8.0,36400
2011,96561,536.0,5.5,8.0,33670
2004,209215,316.0,6.0,8.0,15015
2019,16737,460.0,5.0,8.0,36400
2013,74757,200.0,2.0,4.0,20828
2017,62764,333.0,3.0,6.0,31850
2010,119091,118.0,1.6,4.0,8782
2019,93342,360.0,6.0,8.0,33215
2018,47958,471.0,5.0,8.0,62330
2022,25481,308.0,3.5,6.0,47320
2014,129087,300.0,3.0,6.0,16375
2013,203139,188.0,2.0,4.0,10465
2018,118287,320.0,3.0,6.0,29120
2023,13840,400.0,5.6,8.0,71881
2020,80451,270.0,2.0,4.0,48230
2016,64937,330.0,3.4,6.0,61875
2009,185075,172.0,2.4,4.0,4004
2022,4104,355.0,5.3,8.0,54600
2018,25753,550.0,5.0,8.0,68159
2005,234964,190.0,4.0,6.0,14469
2003,148060,150.0,2.4,4.0,11375
2020,11104,290.0,3.5,6.0,39585
2018,188293,248.0,2.0,4.0,15470
2018,31543,425.0,3.0,6.0,56420
2016,41038,560.0,4.4,8.0,50050
2020,50051,228.0,2.0,4.0,24569
2004,247839,235.0,4.7,8.0,9100
2014,135990,451.0,6.2,8.0,37765
2011,212433,300.0,3.0,6.0,10010
2017,72420,395.0,5.7,8.0,27299
2018,77249,295.0,3.5,6.0,24570
2022,22964,503.0,3.0,6.0,72800
2016,189355,320.0,3.0,6.0,17745
2013,70655,200.0,2.4,4.0,11375
2017,35406,385.0,6.2,8.0,48230
2015,138027,240.0,2.0,4.0,11830
2017,67253,395.0,5.7,8.0,38675
2011,166406,261.0,4.0,6.0,15470
2012,173882,160.0,2.0,4.0,5915
2014,70312,402.0,4.7,8.0,21385
2003,23979,420.0,5.9,12.0,29894
2003,108711,325.0,6.0,8.0,27300
2011,215652,390.0,5.7,8.0,9555
2013,140013,138.0,1.4,4.0,9100
2008,160934,380.0,4.6,8.0,10465
2014,57936,400.0,4.8,8.0,33670
2014,109274,333.0,3.0,6.0,23651
2020,44036,278.0,3.5,6.0,31850
2015,146450,268.0,2.0,4.0,17290
2013,285819,180.0,2.5,4.0,6461
2011,252466,354.0,4.2,8.0,9009
2010,198947,179.0,2.5,4.0,9009
2012,207605,171.0,2.5,4.0,6370
2022,21726,325.0,2.9,6.0,79169
2016,80261,300.0,3.0,6.0,19565
2016,141448,210.0,2.0,4.0,14560
2013,98289,305.0,3.6,6.0,15288
2015,199961,235.0,2.0,4.0,16289
2014,113781,181.0,1.6,4.0,14332
2017,158681,320.0,3.0,6.0,24115
2022,2575,308.0,3.5,6.0,53690
2018,59618,280.0,2.0,4.0,24206
2005,156341,295.0,5.3,8.0,7279
2018,120944,455.0,6.2,8.0,40950
2017,38624,335.0,3.6,6.0,29120
2016,123107,200.0,2.0,4.0,11830
2010,210985,310.0,4.7,8.0,11825
2023,18747,280.0,3.5,6.0,36399
2017,215652,420.0,6.2,8.0,30029
2015,198754,355.0,5.3,8.0,23342
2016,65291,435.0,5.0,8.0,27746
2011,281635,250.0,3.5,6.0,8190
2008,273588,235.0,3.2,6.0,6370
2009,269243,190.0,2.4,4.0,5688
2017,72420,172.0,2.4,4.0,15015
2004,297729,295.0,5.3,8.0,9555
2022,2253,455.0,6.2,8.0,49959
2018,73777,340.0,3.0,6.0,33670
2015,76927,101.0,1.4,4.0,10465
2017,87387,605.0,4.0,8.0,48685
2016,193121,240.0,2.0,4.0,14560
2020,111045,400.0,5.6,8.0,28620
2021,38624,395.0,5.7,8.0,38220
2014,105492,560.0,4.4,8.0,36386
2023,3058,401.0,2.5,5.0,71799
2015,204000,211.0,2.0,4.0,12740
2007,222089,210.0,3.3,6.0,6188
2007,138404,340.0,5.7,8.0,13650
2018,86905,450.0,3.5,6.0,42315
2014,202003,134.0,1.8,4.0,14560
2015,119896,386.0,4.6,8.0,30849
2020,54718,335.0,3.0,6.0,53995
2023,8851,291.0,3.8,6.0,36400
2001,241402,290.0,4.0,8.0,8986
2013,122807,300.0,3.0,6.0,10920
2015,158564,280.0,3.0,6.0,9095
2011,297729,248.0,3.5,6.0,8099
2017,70811,425.0,3.0,6.0,50050
2008,125046,156.0,2.3,4.0,5733
2019,62764,302.0,3.5,6.0,30940
2019,95387,380.0,3.0,6.0,50045
2022,37015,285.0,3.6,6.0,39130
2018,76766,600.0,4.4,8.0,50049
2007,79865,228.0,3.0,6.0,10920
2016,63971,134.0,1.8,4.0,20015
2015,164475,355.0,5.3,8.0,22750
2014,96736,160.0,2.0,4.0,8644
2012,78858,330.0,3.7,6.0,18109
2016,177752,231.0,2.0,4.0,10010
2020,805,405.0,3.0,6.0,63700
2010,52548,182.0,2.4,4.0,5915
2008,101276,260.0,3.8,6.0,9100
2007,207605,366.0,6.0,8.0,16334
2002,190868,220.0,4.6,8.0,4759
2018,72565,313.0,2.0,4.0,27982
2014,236091,270.0,4.0,6.0,22749
2015,41499,380.0,3.0,6.0,35035
2010,66788,416.0,5.0,8.0,40768
2014,213399,285.0,3.6,6.0,15470
2012,177028,400.0,5.6,8.0,14196
2005,222089,184.0,2.5,6.0,9054
2014,272784,320.0,5.3,8.0,13650
2017,130357,365.0,3.5,6.0,24570
2019,46671,395.0,5.7,8.0,45045
2019,119091,184.0,2.0,4.0,23205
2005,273588,282.0,4.7,8.0,10192
2020,93342,310.0,3.6,6.0,25207
2017,167372,365.0,3.5,6.0,18195
2016,163992,270.0,4.0,6.0,26390
2016,138806,285.0,3.6,6.0,20020
2019,103854,188.0,2.0,4.0,17649
2003,119091,287.0,3.5,6.0,10010
2022,22048,191.0,2.5,4.0,35945
2011,271979,300.0,3.0,6.0,10009
2017,119091,275.0,2.0,4.0,18018
2012,80467,425.0,4.7,8.0,24112
2023,7564,355.0,3.0,6.0,47320
2017,59546,248.0,2.0,4.0,28210
2011,148913,320.0,5.3,8.0,16835
2001,196340,140.0,1.8,4.0,7098
2010,313017,320.0,5.3,8.0,8645
2005,237521,275.0,4.2,6.0,2548
2016,68799,208.0,2.0,4.0,20929
2018,59262,174.0,2.0,4.0,21839
2015,72420,454.0,4.7,8.0,38129
2018,114263,212.0,1.5,4.0,15925
2016,18804,550.0,5.0,8.0,49959
2017,60833,305.0,2.5,4.0,29575
2015,175418,158.0,2.0,4.0,6915
2013,29763,400.0,3.8,6.0,79079
2014,170590,333.0,3.0,6.0,20930
2014,164749,333.0,3.0,6.0,19449
2017,99779,455.0,6.2,8.0,31395
2017,146450,160.0,2.0,4.0,11375
2018,30256,247.0,2.0,4.0,23660
2015,57936,400.0,3.8,6.0,77349
2012,25263,429.0,5.0,8.0,17290
2022,38265,189.0,2.0,4.0,27300
2003,133576,260.0,4.6,8.0,9555
2019,154497,147.0,1.4,4.0,13632
2018,87376,567.0,4.4,8.0,44590
2015,137414,210.0,2.0,4.0,14150
2003,288716,316.0,6.0,8.0,13650
2018,90133,575.0,5.0,8.0,53690
2014,196662,285.0,3.6,6.0,19565
2018,17622,425.0,3.0,6.0,55505
2010,170204,270.0,3.0,6.0,11739
2012,261890,320.0,5.3,8.0,13195
2006,215652,265.0,4.0,6.0,7735
2013,93200,305.0,3.7,6.0,17062
2020,62764,295.0,3.5,6.0,27209
2004,238183,250.0,5.9,6.0,17290
2001,223699,190.0,4.3,6.0,6370
2012,50099,302.0,3.5,6.0,21385
2014,141622,302.0,3.5,6.0,14105
2018,61155,453.0,3.0,6.0,55055
2016,120459,300.0,3.0,6.0,19929
2013,202616,375.0,5.0,8.0,19110
2016,191029,383.0,5.7,8.0,42679
2019,80161,302.0,3.5,6.0,30849
2012,95917,302.0,3.5,6.0,18109
2016,84893,360.0,3.5,6.0,26388
2019,127943,270.0,4.0,6.0,30333
2009,34601,268.0,3.5,6.0,16380
2019,80467,138.0,1.4,4.0,17103
2009,308632,310.0,5.4,8.0,8872
2021,58226,270.0,4.0,6.0,33661
2016,201168,380.0,3.5,6.0,24115
2004,53691,178.0,1.8,4.0,16015
2002,188615,333.0,3.2,6.0,13650
2019,108631,375.0,3.5,6.0,36855
2012,269575,140.0,1.8,4.0,5915
2016,95354,220.0,2.0,4.0,17289
2012,202777,400.0,4.8,8.0,16379
2018,115812,469.0,4.0,8.0,42679
2017,74030,503.0,4.0,8.0,50960
2016,231746,340.0,3.0,6.0,16380
2016,137317,285.0,3.6,6.0,27300
2014,123115,302.0,3.5,6.0,16379
2019,66711,247.0,2.0,4.0,20475
2015,114730,340.0,3.0,6.0,19110
2021,55305,410.0,6.4,8.0,43680
2011,147255,300.0,3.0,6.0,12375
2019,95495,335.0,3.0,6.0,38674
2015,150313,290.0,3.6,6.0,17199
2021,91733,400.0,6.7,6.0,47320
2013,30497,500.0,4.0,8.0,70979
2015,61155,290.0,3.5,6.0,19929
2005,258943,190.0,4.0,6.0,6552
2018,53108,241.0,2.0,4.0,27209
2005,13409,400.0,6.75,8.0,43088
2015,129230,355.0,2.0,4.0,20020
2015,281635,340.0,3.0,6.0,17745
2019,4506,526.0,5.2,8.0,82810
2006,69202,425.0,6.1,8.0,18195
2023,8851,400.0,3.5,6.0,63700
2013,292627,285.0,3.6,6.0,19110
2011,120701,525.0,5.2,10.0,67340
2018,60796,247.0,2.0,4.0,29575
2014,138404,260.0,4.0,6.0,37765
2008,253472,300.0,5.4,8.0,13650
2018,41843,455.0,6.2,8.0,35490
2015,119091,420.0,4.0,8.0,27254
2004,103803,180.0,3.4,6.0,5369
2017,189706,350.0,6.7,6.0,38220
2020,6437,285.0,3.6,6.0,45500
2007,189903,172.0,1.6,4.0,3276
2018,73351,375.0,3.5,6.0,40971
2023,523,437.0,3.4,6.0,77347
2017,86100,362.0,3.0,6.0,30939
2010,212433,230.0,3.0,6.0,7735
2011,181856,148.0,2.0,4.0,5278
2011,200431,265.0,3.0,6.0,7690
2016,74030,400.0,3.6,6.0,34580
2018,114088,260.0,3.5,6.0,26385
2019,33190,330.0,2.0,4.0,33488
2004,215652,294.0,4.2,8.0,8645
2010,93342,118.0,1.6,4.0,7280
2017,71294,189.0,2.0,4.0,18913
2016,206048,311.0,3.5,6.0,16380
2021,50694,473.0,3.0,6.0,49595
2018,67794,237.0,2.0,4.0,35489
2014,111046,321.0,3.6,6.0,17745
2004,244453,230.0,3.3,6.0,7189
2016,229599,450.0,4.0,8.0,20020
2022,30352,445.0,6.6,8.0,67795
2003,304166,175.0,2.5,4.0,2638
2012,238183,320.0,5.3,8.0,16380
2012,70811,302.0,3.5,6.0,20222
2018,99461,305.0,3.6,6.0,29120
2012,181856,270.0,3.0,6.0,9100
2018,85456,160.0,1.5,4.0,15925
2006,128748,355.0,3.8,6.0,39130
2023,32187,310.0,3.5,6.0,71434
2017,205996,285.0,3.6,6.0,24388
2019,15289,350.0,2.5,4.0,62790
2012,165762,451.0,6.3,8.0,36400
2013,1287,132.0,1.6,4.0,8918
2012,61771,510.0,5.0,8.0,33624
2014,136794,292.0,3.6,6.0,10238
2004,55126,543.0,5.5,12.0,58468
2013,165941,199.0,2.4,4.0,8372
2022,10783,455.0,6.2,8.0,35945
2016,86905,300.0,3.7,6.0,21839
2002,111528,225.0,1.8,4.0,9095
2023,8591,389.0,3.0,6.0,69615
2017,191512,180.0,2.4,4.0,14469
2005,229032,400.0,6.0,8.0,20019
2008,99128,70.0,1.0,3.0,4550
2002,71082,350.0,5.7,8.0,27300
2022,19312,365.0,3.3,6.0,37310
2022,26393,191.0,2.5,4.0,30940
2008,108314,173.0,2.4,4.0,4459
2018,51819,270.0,4.0,6.0,32305
2020,83686,310.0,3.6,6.0,32578
2015,1362,357.0,1.5,3.0,79169
2022,13518,400.0,5.6,8.0,54554
2005,209215,295.0,5.3,8.0,6552
2020,191512,169.0,2.5,4.0,16380
2018,136794,340.0,3.0,6.0,30030
2016,121023,385.0,6.2,8.0,20020
2015,105895,425.0,3.0,6.0,40904
2015,147577,155.0,2.0,4.0,10920
2016,100238,329.0,3.0,6.0,27254
2011,297729,260.0,3.5,6.0,6825
2014,104607,188.0,3.0,6.0,50049
2017,200573,188.0,3.0,6.0,68250
2017,90123,402.0,4.7,8.0,32532
2010,104285,255.0,2.9,6.0,19019
2009,147240,300.0,4.2,8.0,6370
2023,8340,146.0,2.0,4.0,29575
2019,142346,420.0,6.2,8.0,39039
2017,125706,170.0,2.5,4.0,15925
2016,82720,381.0,5.7,8.0,36309
2023,3922,375.0,3.0,6.0,71298
2011,153692,228.0,3.0,6.0,14551
2005,120701,240.0,3.8,6.0,11375
2003,98960,271.0,2.0,4.0,25480
2003,200775,130.0,1.8,4.0,4545
2007,120900,310.0,5.3,8.0,15014
2016,143232,210.0,2.0,4.0,13195
2012,188647,206.0,2.4,4.0,8099
2019,141622,280.0,3.6,6.0,36309
2022,30578,437.0,3.4,6.0,64610
2011,106539,270.0,3.0,6.0,15014
2013,64374,280.0,3.5,6.0,21840
2020,42712,375.0,3.5,6.0,42765
2019,62764,335.0,3.0,6.0,45500
2004,88514,154.0,2.7,5.0,21840
2016,96561,400.0,5.6,8.0,23614
2007,120921,245.0,2.7,6.0,22749
2015,154497,281.0,3.6,6.0,15470
2005,71455,280.0,3.2,6.0,27118
2008,226274,390.0,4.2,8.0,6825
2021,29129,349.0,3.0,6.0,47138
2011,181621,335.0,4.7,8.0,10919
2018,88192,395.0,5.7,8.0,33716
2017,32541,390.0,5.6,8.0,29415
2022,137116,445.0,6.6,8.0,61425
2013,127687,445.0,4.4,8.0,15288
2018,113459,220.0,2.0,4.0,20930
2019,71551,325.0,2.7,6.0,31395
2015,25750,302.0,3.5,6.0,27755
2022,17542,349.0,3.0,6.0,49049
2019,77249,365.0,3.3,6.0,27299
2013,33394,300.0,3.7,6.0,30030
2017,45005,560.0,4.4,8.0,52780
2018,32187,424.0,3.0,6.0,39130
2003,241339,316.0,6.0,8.0,11375
2014,193121,300.0,3.0,6.0,18200
2013,133333,300.0,3.0,6.0,18199
2014,168981,158.0,2.0,4.0,9964
2020,60235,381.0,5.7,8.0,56055
2003,204826,333.0,3.2,6.0,13650
2022,27359,275.0,2.3,4.0,40040
2023,45866,355.0,5.3,8.0,61698
2015,134251,220.0,2.0,4.0,14560
2019,73869,335.0,3.0,6.0,37765
2003,233355,350.0,5.7,8.0,20020
2023,14484,490.0,6.2,8.0,75075
2014,95690,400.0,6.7,8.0,37309
2008,93104,210.0,3.3,6.0,12649
2005,187199,215.0,3.2,6.0,5460
2017,271979,290.0,3.5,6.0,11830
2002,57156,310.0,5.7,8.0,19110
2011,193121,188.0,3.0,6.0,29119
2022,7274,250.0,2.0,4.0,35035
2019,93342,247.0,2.0,4.0,34580
2015,94411,300.0,3.0,6.0,19064
2018,84803,385.0,3.0,6.0,45499
2018,85295,252.0,2.0,4.0,25480
2009,229332,76.0,1.5,4.0,6369
2020,36460,425.0,3.0,6.0,58239
2015,144400,288.0,3.6,6.0,14560
2015,106217,160.0,2.0,4.0,10920
2007,165762,306.0,3.5,6.0,11739
2010,99136,345.0,3.6,6.0,47092
2018,108872,375.0,3.5,6.0,27300
2016,72420,206.0,2.4,4.0,15015
2019,111608,306.0,3.5,6.0,32760
2006,196567,360.0,4.8,8.0,9555
2016,145420,220.0,2.0,4.0,14104
2015,148422,311.0,3.8,6.0,15470
2009,180247,420.0,4.0,8.0,25480
2021,43130,311.0,3.5,6.0,40040
2009,83659,300.0,3.0,6.0,18199
2000,156106,200.0,4.3,6.0,25025
2017,251787,440.0,6.7,8.0,36400
2010,74191,485.0,3.8,6.0,66429
2015,110641,440.0,6.7,8.0,40950
2004,145847,210.0,3.0,6.0,5005
2018,68397,330.0,3.0,6.0,49139
2008,241402,382.0,5.5,8.0,15288
2015,65822,577.0,5.5,8.0,54372
2007,133817,244.0,2.3,4.0,6324
2016,263932,455.0,6.2,8.0,19565
2014,133756,302.0,3.5,6.0,14105
2018,50035,600.0,4.4,8.0,61880
2021,16576,335.0,3.6,6.0,27209
2019,48280,152.0,2.0,4.0,19338
2017,301174,390.0,5.6,8.0,15465
2016,113464,308.0,3.6,6.0,14105
2014,48280,400.0,3.8,6.0,71435
2007,144841,306.0,3.5,6.0,10920
2021,21475,188.0,3.0,6.0,51415
2003,114263,150.0,2.4,4.0,11374
2011,159647,268.0,3.5,6.0,10829
2020,69202,248.0,2.0,4.0,36400
2006,217261,236.0,4.0,6.0,15379
2018,51499,453.0,3.0,6.0,63700
2013,130357,302.0,3.5,6.0,11830
2019,55799,400.0,3.5,6.0,41405
2016,80065,280.0,3.6,6.0,59150
2016,29079,523.0,6.0,12.0,72799
2010,22289,385.0,3.8,6.0,64974
2016,79893,402.0,4.7,8.0,30935
2022,58097,227.0,1.6,4.0,34125
2012,196340,370.0,5.7,8.0,12285
2019,32992,560.0,4.4,8.0,61789
2018,193041,390.0,5.6,8.0,19109
2007,177063,172.0,1.6,4.0,5688
2016,23979,350.0,2.3,4.0,35490
2006,84883,325.0,3.6,6.0,34125
2019,125030,380.0,3.0,6.0,39585
2012,58850,167.0,2.0,4.0,18381
2009,28968,552.0,6.0,12.0,57330
2012,197306,300.0,3.0,6.0,11739
2016,221285,420.0,6.2,8.0,26845
2019,104607,370.0,6.7,6.0,59150
2015,166966,173.0,2.0,4.0,7735
2020,85295,310.0,3.5,6.0,35035
2017,117675,268.0,2.0,4.0,18154
2005,261489,190.0,4.0,6.0,10010
2017,148060,390.0,5.6,8.0,19019
2020,86023,147.0,2.0,4.0,15465
2022,29717,400.0,3.5,6.0,43225
2022,24060,147.0,2.0,4.0,21840
2020,20921,285.0,3.6,6.0,35945
2019,53911,445.0,4.4,8.0,40490
2013,154497,240.0,2.0,4.0,12285
2018,160934,153.0,1.4,4.0,7735
2023,20117,191.0,2.5,4.0,27299
2023,20921,187.0,2.5,4.0,29029
2018,11587,425.0,3.0,6.0,58240
2019,111375,450.0,6.7,8.0,66885
2010,213560,204.0,2.5,6.0,9737
2011,121505,300.0,3.0,6.0,11807
2022,57454,301.0,4.6,8.0,47229
2012,165762,407.0,4.4,8.0,14560
2010,217261,168.0,2.4,4.0,3639
2013,186684,173.0,2.5,4.0,11375
2012,189903,555.0,4.4,8.0,15470
2015,128548,577.0,5.5,8.0,41632
2016,125440,310.0,3.6,6.0,27300
2016,128739,445.0,4.4,8.0,21835
2017,163273,340.0,3.0,6.0,16835
2008,132486,237.0,2.2,4.0,25935
2015,157716,425.0,3.0,6.0,30029
2007,131966,394.0,4.2,8.0,7279
2020,31221,310.0,3.5,6.0,52780
2006,87037,390.0,4.2,8.0,15470
2010,158842,290.0,3.8,6.0,9409
2021,53108,248.0,2.0,4.0,36400
2018,102129,341.0,6.0,8.0,30030
2021,11668,400.0,5.6,8.0,34580
2017,87709,362.0,3.0,6.0,34575
2023,24945,147.0,2.0,4.0,22295
2017,199559,420.0,6.2,8.0,29120
2021,38879,400.0,2.0,4.0,40859
2009,93020,600.0,6.0,12.0,54054
2016,36210,350.0,3.4,6.0,70980
2010,187410,328.0,3.7,6.0,15015
2014,64374,445.0,4.4,8.0,30940
2019,65983,329.0,3.0,6.0,36309
2016,160798,340.0,3.0,6.0,24115
2020,14645,285.0,3.6,6.0,45404
2013,236881,305.0,3.7,6.0,11821
2015,148060,301.0,4.6,8.0,25480
2021,41838,383.0,5.7,8.0,79170
2022,9656,295.0,3.5,6.0,52779
2017,98170,150.0,1.4,4.0,14555
2018,86430,241.0,2.0,4.0,23569
2017,143232,355.0,5.3,8.0,27299
2018,123115,308.0,3.6,6.0,30485
2002,176645,300.0,4.3,8.0,13650
2004,286463,184.0,2.5,6.0,5232
2014,129317,134.0,1.8,4.0,12112
2018,98585,450.0,4.0,8.0,45499
2015,110819,175.0,2.5,4.0,13650
2014,262354,200.0,2.0,4.0,8099
2001,167356,225.0,3.0,6.0,9555
2014,177028,252.0,2.0,4.0,8640
2006,154940,325.0,3.6,6.0,47775
2013,209215,429.0,4.6,8.0,24479
2018,111206,365.0,3.3,6.0,29575
2017,111695,416.0,3.0,6.0,26845
2020,149669,355.0,5.3,8.0,35035
2020,59546,335.0,3.0,6.0,45500
2019,19312,349.0,3.0,6.0,43680
2021,8196,181.0,2.0,4.0,25480
2008,75156,235.0,3.2,6.0,10374
2008,308994,166.0,2.4,4.0,10010
2016,82616,268.0,3.5,6.0,23655
2019,70811,246.0,2.0,4.0,26390
2019,148060,295.0,3.5,6.0,27300
2011,252435,310.0,5.4,8.0,13013
2013,144358,321.0,3.6,6.0,16379
2016,217825,280.0,3.5,6.0,18109
2018,101863,340.0,3.0,6.0,27294
2022,8079,278.0,3.5,6.0,33215
2016,119315,285.0,3.6,6.0,20930
2015,180995,240.0,2.0,4.0,10915
2015,96561,348.0,3.8,6.0,15470
2022,4657,355.0,5.3,8.0,58149
2017,72420,164.0,1.4,4.0,20475
2015,30016,560.0,4.4,8.0,54190
2002,67592,252.0,3.9,8.0,10010
2020,75464,246.0,2.0,4.0,28210
2005,282797,302.0,5.0,8.0,6370
2018,79297,420.0,6.2,8.0,49140
2022,56005,248.0,2.0,4.0,41860
2019,80467,335.0,3.0,6.0,39130
2006,144680,325.0,6.0,8.0,27295
2013,74271,306.0,3.0,6.0,15470
2018,88514,355.0,5.3,8.0,34489
2016,79823,455.0,6.2,8.0,29575
2008,125126,500.0,5.0,10.0,19110
2019,31945,134.0,1.5,3.0,21840
2011,109432,265.0,2.9,6.0,27300
2007,58741,210.0,3.7,6.0,14560
2011,244620,365.0,3.5,6.0,12740
2020,22885,255.0,2.0,4.0,32305
2005,178476,325.0,6.0,8.0,17745
2012,154201,302.0,3.5,6.0,10920
2007,202777,210.0,4.0,6.0,8190
2019,170590,166.0,2.0,4.0,10920
2015,98653,311.0,3.8,6.0,18336
2012,100584,270.0,3.0,6.0,17249
2018,122310,420.0,6.2,8.0,40495
2014,197949,306.0,3.5,6.0,16380
2017,80065,404.0,3.0,6.0,25475
2011,220480,420.0,5.6,8.0,7735
2014,113156,330.0,3.7,6.0,18195
2015,110642,320.0,3.0,6.0,23659
2021,107021,310.0,3.6,6.0,25935
2016,110021,132.0,1.8,4.0,14560
2020,58741,550.0,5.0,8.0,65520
2015,96965,272.0,3.0,6.0,17290
2019,67914,255.0,2.0,4.0,25025
2022,8690,490.0,6.2,8.0,81809
2011,217261,300.0,3.0,6.0,9099
2014,211146,134.0,1.8,4.0,12740
2021,30838,255.0,2.0,4.0,35035
2007,81272,355.0,3.8,6.0,50960
2020,49085,247.0,2.0,4.0,40040
2021,14806,335.0,3.0,6.0,64792
2015,170590,301.0,4.6,8.0,34125
2017,49005,425.0,3.0,6.0,48229
2015,119091,425.0,3.0,6.0,36400
2016,197386,440.0,6.7,8.0,35399
2012,104607,332.0,3.7,6.0,19565
2014,99779,185.0,2.4,4.0,17278
2023,1650,437.0,3.4,6.0,77350
2007,308833,403.0,6.2,8.0,8872
2018,80467,350.0,2.5,4.0,50050
2003,144841,302.0,4.6,8.0,14105
2015,164153,355.0,5.3,8.0,22295
2015,162544,134.0,1.8,4.0,15015
2010,167372,403.0,6.2,8.0,17745
2008,53591,382.0,5.5,8.0,31395
2013,215985,156.0,2.0,4.0,5005
2020,16898,250.0,2.0,4.0,32760
2016,114263,385.0,5.0,8.0,22158
2017,88514,405.0,3.0,6.0,35581
2014,195535,363.0,5.7,8.0,14559
2006,123919,286.0,2.0,4.0,51870
2011,312213,320.0,5.3,8.0,9054
2013,101871,362.0,4.6,8.0,20748
2023,15289,400.0,3.5,6.0,57785
2011,117482,300.0,3.0,6.0,14560
2016,114263,265.0,3.5,6.0,19565
2015,18507,340.0,3.4,6.0,65520
2011,173516,204.0,2.5,6.0,10374
2015,252667,290.0,3.6,6.0,15470
2007,59893,210.0,3.3,6.0,13645
2023,9801,237.0,2.0,4.0,42679
2014,260543,400.0,5.6,8.0,17199
2023,4748,375.0,3.0,6.0,79170
2006,221808,215.0,3.0,6.0,3640
2007,222089,382.0,5.5,8.0,9100
2015,96722,300.0,3.0,6.0,22745
2007,26071,173.0,2.7,6.0,7462
2022,22692,255.0,2.0,4.0,48230
2016,165762,380.0,3.0,6.0,30939
2015,217487,270.0,3.5,6.0,21385
2009,128575,332.0,3.7,6.0,14469
2023,4023,420.0,6.2,8.0,76440
2009,267473,207.0,4.0,6.0,6369
2008,71294,237.0,2.2,4.0,56420
2000,72420,290.0,4.0,8.0,11375
2017,98057,268.0,2.0,4.0,21612
2012,107021,385.0,5.0,8.0,18154
2004,300947,300.0,5.4,8.0,5732
2004,296119,240.0,3.5,6.0,9555
2008,64052,158.0,2.0,4.0,12058
2018,107882,252.0,2.0,4.0,28665
2021,27198,255.0,2.0,4.0,39130
2010,115873,136.0,2.0,4.0,9919
2013,164153,365.0,3.5,6.0,20930
2006,44107,300.0,4.6,8.0,19792
2010,172200,205.0,3.8,6.0,15925
2010,197949,300.0,3.7,6.0,12638
2007,158565,158.0,2.4,4.0,6780
2022,21565,228.0,2.4,4.0,30484
2022,12453,271.0,2.4,4.0,30030
2021,43452,248.0,2.0,4.0,34944
2007,163509,255.0,3.5,6.0,6097
2013,171210,385.0,6.7,6.0,39039
2016,217261,360.0,5.7,8.0,18200
2021,59393,382.0,3.0,6.0,45500
2021,2977,266.0,2.5,4.0,44590
2008,220047,202.0,3.8,6.0,14469
2004,276405,295.0,5.3,8.0,11828
2017,131966,301.0,4.6,8.0,29939
2020,87267,518.0,5.0,8.0,61425
2016,188293,365.0,3.5,6.0,24115
2004,244620,195.0,4.3,6.0,7279
2013,160905,150.0,2.0,4.0,6279
2014,112654,240.0,2.0,4.0,18200
2020,65983,295.0,3.5,6.0,35217
2012,233194,155.0,2.0,4.0,5460
2021,37485,420.0,6.2,8.0,66885
2010,144921,235.0,3.2,6.0,5278
2018,79663,220.0,2.0,4.0,22750
2015,255886,355.0,5.3,8.0,24479
2015,125728,292.0,2.0,4.0,19565
2008,100388,380.0,4.3,8.0,30935
2005,159325,298.0,3.5,6.0,17199
2014,136947,445.0,4.4,8.0,22659
2019,37578,335.0,3.0,6.0,43680
2023,19000,310.0,3.6,6.0,42770
2016,27906,208.0,2.0,4.0,26390
2016,144841,210.0,2.0,4.0,15242
2023,16093,155.0,1.3,3.0,29120
2017,81835,455.0,6.2,8.0,33670
2014,132771,143.0,1.8,4.0,13650
2017,64696,395.0,5.7,8.0,21840
2016,91478,510.0,5.0,8.0,31850
2017,212866,385.0,6.2,8.0,32669
2022,37498,440.0,3.5,6.0,61425
2007,104607,400.0,6.0,8.0,30835
2022,39429,255.0,2.0,4.0,74756
2007,68614,355.0,3.8,6.0,66425
2020,47476,247.0,2.0,4.0,40950
2014,86261,300.0,3.0,6.0,23642
2018,46172,329.0,3.0,6.0,35381
2018,113898,333.0,3.0,6.0,28164
2015,129230,340.0,3.0,6.0,21839
2008,104285,443.0,4.4,8.0,22477
2016,189549,270.0,4.0,6.0,25252
2018,57695,252.0,2.0,4.0,30030
2018,83847,301.0,4.6,8.0,34580
2022,14494,255.0,2.0,4.0,51869
2018,105074,278.0,3.5,6.0,24070
2012,127281,567.0,6.0,12.0,42769
2016,16787,275.0,2.7,6.0,46409
2012,120028,283.0,3.6,6.0,7735
2013,100584,305.0,3.7,6.0,14560
2021,4828,460.0,5.0,8.0,45045
2022,60843,355.0,5.3,8.0,55414
2018,46671,166.0,2.4,4.0,17745
2012,117357,265.0,2.0,4.0,23659
2021,20827,355.0,5.3,8.0,46865
2020,20117,490.0,6.2,8.0,77349
2011,238183,335.0,4.7,8.0,9009
2020,89158,291.0,3.8,6.0,33215
2021,36693,335.0,3.0,6.0,47320
2016,75871,292.0,2.0,4.0,27254
2019,21082,460.0,6.2,8.0,56374
2017,39670,445.0,4.4,8.0,45500
2017,63167,300.0,3.0,6.0,26299
2022,36991,169.0,2.5,4.0,30485
2015,103481,550.0,5.0,8.0,40814
2012,86905,300.0,3.6,6.0,23660
2012,193121,328.0,3.7,6.0,13195
2016,137201,365.0,3.5,6.0,18195
2012,110240,400.0,4.4,8.0,16198
2017,119008,308.0,3.5,6.0,29111
2010,14645,276.0,3.5,6.0,50050
2012,116901,188.0,1.6,4.0,13650
2005,59063,400.0,6.0,8.0,23660
2022,16415,375.0,3.5,6.0,45955
2007,195745,210.0,4.0,6.0,8600
2023,5475,226.0,1.6,4.0,40040
2018,77249,567.0,4.4,8.0,49140
2010,41828,420.0,4.7,8.0,63695
2015,135185,362.0,3.0,6.0,18563
2019,107826,369.0,3.0,6.0,40495
2009,292691,169.0,2.5,4.0,5915
2008,149669,268.0,3.5,6.0,10920
2010,186684,201.0,2.4,4.0,8190
2014,79016,450.0,4.2,8.0,40859
2015,21404,449.0,4.7,8.0,56875
2017,100845,268.0,2.0,4.0,21840
2021,28968,335.0,3.6,6.0,27300
2018,43195,460.0,5.0,8.0,38675
2010,161694,230.0,3.2,6.0,9077
2020,66788,395.0,3.0,6.0,61880
2022,39429,285.0,3.6,6.0,58240
2016,111045,550.0,5.5,8.0,33215
2006,158199,362.0,5.4,8.0,14469
2014,192719,300.0,3.0,6.0,14104
2021,37717,311.0,3.5,6.0,38154
2023,18507,315.0,2.7,6.0,49586
2018,132449,252.0,2.0,4.0,31850
2018,78858,241.0,2.0,4.0,21340
2020,148060,420.0,6.2,8.0,45500
2017,138404,350.0,6.7,6.0,37310
2017,244620,290.0,3.5,6.0,14104
2002,124241,205.0,2.0,4.0,6825
2016,143470,268.0,3.5,6.0,15925
2018,26393,292.0,2.0,4.0,38948
2020,57936,385.0,6.2,8.0,40040
2018,77717,567.0,4.4,8.0,61198
2008,257495,236.0,4.0,6.0,15470
2017,81014,380.0,3.0,6.0,42770
2008,152888,300.0,5.4,8.0,9919
2014,181212,260.0,3.5,6.0,11830
2010,172200,138.0,2.0,4.0,5688
2008,140013,300.0,3.0,6.0,13923
2023,3701,455.0,6.2,8.0,46865
2017,65339,252.0,2.0,4.0,29120
2022,5082,490.0,6.2,8.0,78250
2020,52696,182.0,2.5,4.0,21840
2013,133415,290.0,3.5,6.0,14560
2021,20117,382.0,3.0,6.0,48685
2023,2515,285.0,3.6,6.0,56875
2018,75174,304.0,3.6,6.0,18974
2008,181856,416.0,5.0,8.0,30940
2017,60149,400.0,3.0,6.0,25025
2022,1717,315.0,2.0,4.0,43680
2017,58719,420.0,5.0,8.0,21794
2018,108994,420.0,6.2,8.0,47320
2015,41450,467.0,5.0,8.0,45495
2020,50292,325.0,2.7,6.0,38675
2019,27058,188.0,3.0,6.0,41769
2020,94468,375.0,3.5,6.0,44589
2013,96654,328.0,3.7,6.0,13650
2023,6437,490.0,6.2,8.0,67249
2017,59385,241.0,2.0,4.0,25935
2014,59243,240.0,2.0,4.0,24570
2017,104607,381.0,5.7,8.0,59150
2019,62764,450.0,3.5,6.0,47319
2002,27842,405.0,5.7,8.0,30939
2023,805,245.0,2.5,4.0,54145
2016,79984,350.0,2.3,4.0,28847
2004,128160,280.0,3.9,8.0,12285
2015,153576,621.0,6.0,12.0,50050
2011,220802,300.0,3.7,6.0,10920
2017,68552,440.0,2.9,6.0,70980
2008,261921,320.0,5.3,8.0,6552
2011,210697,400.0,5.6,8.0,10920
2019,84933,285.0,3.6,6.0,36217
2012,2084,444.0,5.0,8.0,45491
2010,172974,239.0,3.7,5.0,12285
2013,153805,403.0,6.2,8.0,20020
2016,96561,310.0,3.6,6.0,40950
2014,230764,280.0,3.6,6.0,11830
2005,145163,227.0,2.0,4.0,11374
2015,199559,184.0,2.5,4.0,11739
2008,59546,260.0,2.0,4.0,13645
2018,117321,306.0,2.0,4.0,32305
2017,118045,485.0,6.4,8.0,33670
2015,123073,445.0,4.4,8.0,29120
2022,5311,400.0,3.0,6.0,49140
2022,20992,139.0,1.6,4.0,22749
2005,172200,250.0,3.0,6.0,6461
2009,126334,179.0,2.5,4.0,10920
2005,212112,295.0,5.3,8.0,5278
2005,105814,280.0,3.2,6.0,19792
2008,273588,126.0,1.8,4.0,4731
2017,91588,280.0,2.0,4.0,20930
2015,175950,240.0,2.0,4.0,12148
2011,265542,122.0,1.8,4.0,3640
2020,36156,301.0,4.6,8.0,41769
2016,160934,240.0,2.0,4.0,21840
2008,158087,425.0,6.1,8.0,14105
2012,172200,170.0,2.5,5.0,8644
2003,156905,390.0,4.6,8.0,22295
2015,152888,240.0,2.0,4.0,13559
2016,1609,404.0,3.0,6.0,32760
2002,196018,174.0,2.8,6.0,3913
2021,27359,475.0,6.4,8.0,59150
2021,23242,280.0,3.5,6.0,35035
2013,223216,381.0,5.7,8.0,17108
2006,104607,355.0,3.8,6.0,39130
2016,96561,354.0,3.0,6.0,22477
2009,244730,403.0,6.2,8.0,11238
2015,63569,440.0,4.8,8.0,47857
2013,123115,291.0,2.0,4.0,25480
2019,79663,463.0,4.0,8.0,50869
2014,149445,375.0,5.7,8.0,17972
2016,161858,300.0,3.6,6.0,15925
2016,127138,240.0,2.0,4.0,21840
2020,84769,445.0,6.6,8.0,63245
2011,302557,210.0,3.7,6.0,7735
2020,45031,285.0,3.6,6.0,43225
2018,31382,227.0,2.5,4.0,29348
2016,53005,563.0,5.5,8.0,81900
2021,41843,228.0,2.0,4.0,28119
2021,33796,383.0,5.7,8.0,81899
2020,22531,208.0,2.0,4.0,43680
2019,86385,390.0,5.6,8.0,25389
2014,113639,201.0,1.8,4.0,13195
2017,177028,355.0,5.3,8.0,31849
2015,99256,208.0,2.0,4.0,17290
2011,120701,306.0,3.8,6.0,10920
2017,110837,255.0,3.5,6.0,25890
2013,168107,211.0,2.0,4.0,16289
2008,83453,430.0,6.2,8.0,32669
2003,14903,142.0,1.8,4.0,20020
2021,20600,248.0,2.0,4.0,36391
2020,78858,295.0,3.6,6.0,36400
2016,133576,272.0,2.0,4.0,15015
2018,29797,526.0,5.2,8.0,55389
2019,141249,395.0,5.7,8.0,40040
2015,120482,288.0,3.6,6.0,18000
2017,86340,295.0,3.5,6.0,30030
2021,4913,490.0,6.2,8.0,76349
2017,70811,152.0,2.0,4.0,21385
2017,85295,510.0,5.0,8.0,43225
2019,51499,197.0,2.5,4.0,24570
2013,138404,560.0,4.4,8.0,29120
2016,86744,268.0,3.5,6.0,25025
2016,117482,320.0,3.0,6.0,21839
2018,131162,445.0,4.4,8.0,37538
2013,115873,429.0,5.0,8.0,15925
2021,24140,455.0,6.2,8.0,39585
2019,115873,355.0,5.3,8.0,35490
2014,139720,240.0,3.0,6.0,30485
2015,230539,328.0,3.7,6.0,10465
2000,156911,345.0,5.7,8.0,9100
2014,167372,306.0,3.5,6.0,19110
2011,257495,365.0,3.5,6.0,4277
2019,38346,248.0,2.0,4.0,31845
2007,181260,266.0,3.5,6.0,10465
2016,271335,420.0,6.2,8.0,26845
2017,108631,310.0,3.6,6.0,18200
2003,25910,390.0,4.6,8.0,32305
2018,268760,284.0,3.5,6.0,13195
2019,84093,228.0,2.0,4.0,31395
2023,8369,490.0,6.2,8.0,80899
2023,14162,389.0,3.4,6.0,62335
2013,215652,383.0,5.7,8.0,27295
2018,35406,208.0,2.5,4.0,26845
2014,122584,208.0,2.0,4.0,15015
2023,2414,275.0,2.3,4.0,54600
2022,74030,395.0,3.0,6.0,68250
2020,130357,518.0,5.0,8.0,58968
2016,50694,560.0,4.0,8.0,60970
2017,128667,189.0,2.0,4.0,15825
2015,155263,290.0,3.3,6.0,11830
2009,134948,172.0,1.6,4.0,6324
2016,140161,256.0,3.6,6.0,17745
2007,218010,205.0,3.8,6.0,14332
2022,34440,277.0,3.0,6.0,62790
2009,126195,420.0,4.0,8.0,26162
2012,137200,326.0,3.0,6.0,16835
2017,150474,295.0,3.5,6.0,14560
2020,56327,295.0,3.5,6.0,33669
2018,100101,306.0,3.5,6.0,32493
2006,74847,215.0,3.0,6.0,10465
2018,130357,285.0,4.3,6.0,29120
2020,53205,285.0,3.6,6.0,33215
2018,78245,400.0,3.5,6.0,46864
2022,14484,382.0,3.0,6.0,51779
2016,191512,381.0,5.7,8.0,27254
2019,51930,385.0,6.2,8.0,42315
2022,30980,420.0,6.2,8.0,79169
2013,168971,199.0,2.4,4.0,8190
2019,86908,304.0,3.6,6.0,20475
2015,156589,240.0,3.0,6.0,27295
2017,84143,240.0,2.0,4.0,11375
2019,72004,450.0,3.5,6.0,48229
2017,96561,503.0,4.0,8.0,47775
2021,13338,365.0,3.3,6.0,41768
2015,130357,320.0,3.0,6.0,25380
2020,29551,503.0,3.0,6.0,54600
2020,83686,375.0,3.5,6.0,48887
2002,309155,207.0,4.0,6.0,5870
2001,95756,215.0,3.2,6.0,5915
2010,100975,400.0,4.8,8.0,26026
2017,117551,300.0,3.6,6.0,28201
2019,28164,518.0,5.0,8.0,59150
2011,142105,235.0,3.2,6.0,10465
2015,138404,397.0,6.6,8.0,44590
2006,114907,201.0,2.0,4.0,13641
2003,171395,280.0,3.5,6.0,8645
2007,149669,340.0,4.2,8.0,10005
2012,242850,381.0,5.7,8.0,15925
2020,9696,205.0,1.5,4.0,25025
2014,178790,355.0,5.3,8.0,23660
2011,183985,175.0,2.5,4.0,5460
2015,135751,188.0,2.0,4.0,9100
2015,177028,188.0,3.0,6.0,26390
2023,11265,285.0,3.6,6.0,41860
2017,75961,340.0,3.0,6.0,26390
2019,97848,186.0,2.5,4.0,18109
2018,86554,460.0,5.0,8.0,27254
2008,162331,380.0,4.6,8.0,14011
2008,162383,261.0,4.0,6.0,6369
2022,20439,260.0,2.4,4.0,35035
2021,41843,255.0,2.0,4.0,33670
2019,62121,450.0,6.7,8.0,49595
2016,159325,172.0,2.4,4.0,4550
2007,75639,260.0,2.0,4.0,12103
2016,193121,208.0,2.0,4.0,18018
2013,178637,211.0,2.0,4.0,10465
2004,233355,215.0,3.8,6.0,8144
2009,96722,382.0,5.5,8.0,24570
2022,11426,302.0,2.5,4.0,44590
2020,23099,375.0,5.6,8.0,58149
2022,16077,315.0,2.7,6.0,58695
2019,78053,480.0,5.0,8.0,40949
2016,193121,260.0,6.6,8.0,17745
2019,64374,603.0,4.0,8.0,65520
2014,55683,402.0,4.7,8.0,25025
2019,107944,450.0,3.5,6.0,43679
2012,34279,382.0,5.5,8.0,35035
2017,67029,310.0,2.3,4.0,21476
2006,107569,303.0,5.3,8.0,10920
2012,10300,550.0,5.4,8.0,43680
2017,189903,365.0,3.5,6.0,13650
2017,292901,365.0,3.5,6.0,15015
2012,88353,360.0,2.5,5.0,26299
2019,51499,174.0,2.0,4.0,29802
2020,60350,335.0,3.0,6.0,54509
2019,10783,300.0,2.0,4.0,57330
2020,30578,395.0,3.0,6.0,68159
2023,5267,490.0,6.2,8.0,71889
2020,64374,523.0,4.4,8.0,48230
2020,86502,295.0,3.5,6.0,29666
2001,107021,333.0,3.2,6.0,19110
2014,126334,302.0,3.5,6.0,16289
2018,115873,354.0,3.0,6.0,27300
2013,107826,555.0,4.4,8.0,22295
2020,193121,420.0,6.2,8.0,50050
2012,72420,556.0,6.2,8.0,37765
2008,198754,263.0,4.7,8.0,13195
2012,19473,440.0,4.7,8.0,34489
2018,74030,380.0,3.0,6.0,36400
2004,44418,239.0,4.6,8.0,13559
2013,85295,260.0,4.0,6.0,33433
2015,78858,201.0,1.8,4.0,21385
2014,146676,208.0,2.0,4.0,12285
2021,39107,382.0,3.0,6.0,45499
2018,152888,270.0,4.0,6.0,30030
2005,154497,260.0,3.6,6.0,4549
2005,243977,200.0,2.4,4.0,7188
2012,263128,283.0,3.6,6.0,5414
2011,127138,563.0,6.6,12.0,73073
2016,114714,333.0,3.0,6.0,20020
2019,54827,362.0,3.0,6.0,42679
2013,40126,429.0,4.6,8.0,36628
2014,229171,320.0,5.3,8.0,12285
2023,13036,300.0,2.5,4.0,52143
2023,3293,252.0,2.0,4.0,39584
2020,82077,410.0,6.4,8.0,40859
2015,241080,182.0,2.5,4.0,10556
2022,27359,315.0,2.7,6.0,63699
2016,153692,365.0,3.5,6.0,18200
2008,183927,400.0,4.2,8.0,9009
2015,288394,355.0,5.3,8.0,14560
2022,12553,455.0,2.0,4.0,60060
2017,88514,320.0,3.0,6.0,36400
2012,247195,300.0,3.0,6.0,15925
2017,155141,212.0,2.0,4.0,16835
2007,221016,242.0,3.7,5.0,9100
2014,185075,179.0,2.5,4.0,10460
2014,6759,335.0,3.0,6.0,59145
2022,20761,375.0,3.5,6.0,48230
2018,98170,187.0,2.5,4.0,19838
2007,127106,272.0,3.5,6.0,9646
2021,64374,303.0,3.6,6.0,29575
2005,95434,225.0,3.0,6.0,28119
2017,170590,362.0,3.0,6.0,23569
2013,62764,400.0,3.8,6.0,66430
2016,205996,290.0,3.5,6.0,17745
2017,238183,170.0,2.5,4.0,11830
2000,285980,170.0,2.5,6.0,2275
2016,297729,180.0,2.0,4.0,6825
2009,130883,355.0,6.0,8.0,15925
2018,45355,469.0,4.0,8.0,76895
2016,40234,385.0,5.0,8.0,59150
2018,22370,455.0,6.2,8.0,49586
2020,27117,460.0,5.0,8.0,37310
2021,23738,335.0,3.0,6.0,55564
2015,86905,449.0,4.7,8.0,33670
2015,216457,355.0,5.3,8.0,25480
2016,146835,265.0,3.5,6.0,15925
2019,84169,340.0,3.0,6.0,45409
2005,299402,160.0,2.0,4.0,6097
2020,2897,490.0,6.2,8.0,69160
2016,90123,510.0,5.0,8.0,45409
2014,106458,560.0,4.0,8.0,43675
2018,102596,410.0,6.4,8.0,32760
2002,288073,245.0,5.9,8.0,5915
2017,109757,201.0,2.4,4.0,14332
2015,104607,300.0,3.0,6.0,22745
2011,136633,390.0,5.0,8.0,20430
2003,196157,217.0,4.6,8.0,5460
2012,146035,192.0,2.4,4.0,11812
2014,80305,536.0,5.5,8.0,66429
2013,65661,265.0,2.7,6.0,32305
2011,69202,414.0,4.0,8.0,46319
2019,219112,335.0,3.6,6.0,20475
2014,120049,495.0,5.0,8.0,29530
2019,50986,280.0,3.6,6.0,30485
2017,62764,362.0,3.0,6.0,35490
2019,34182,444.0,2.9,6.0,54554
2011,294510,261.0,4.0,6.0,10920
2005,230289,400.0,6.0,8.0,14560
2019,94308,330.0,2.0,4.0,26390
2019,114703,260.0,2.4,4.0,21749
2009,117321,300.0,3.0,6.0,14105
2018,97623,375.0,3.5,6.0,42679
2010,89962,252.0,3.6,6.0,8144
2016,115470,295.0,3.5,6.0,25480
2008,239710,263.0,3.5,6.0,3549
2007,160452,260.0,3.0,6.0,7735
2014,101308,304.0,3.6,6.0,15923
2020,220480,355.0,5.3,8.0,41860
2021,45480,450.0,3.5,6.0,66384
2017,95595,241.0,2.0,4.0,19110
2011,56543,385.0,5.0,8.0,11284
2016,154497,252.0,2.0,4.0,20011
2015,86905,240.0,2.0,4.0,18196
2016,123919,240.0,2.0,4.0,24569
2012,305775,220.0,2.0,4.0,5460
2018,63247,383.0,5.7,8.0,63245
2019,70006,250.0,2.0,4.0,27300
2021,85295,420.0,6.2,8.0,61061
2021,49758,375.0,3.5,6.0,47319
2019,94951,147.0,1.4,4.0,15470
2023,17864,281.0,2.5,4.0,36582
2016,90501,425.0,3.0,6.0,45955
2012,169786,412.0,5.0,8.0,17290
2011,146157,211.0,2.0,4.0,7553
2016,205626,170.0,1.8,4.0,12558
2003,162544,240.0,2.0,4.0,25480
2010,156742,172.0,1.6,4.0,6096
2015,77249,306.0,3.5,6.0,29939
2009,216621,250.0,3.5,6.0,6825
2014,95756,340.0,3.0,6.0,30758
2021,20278,455.0,6.2,8.0,42770
2022,12875,335.0,3.0,6.0,77350
2010,205191,306.0,3.8,6.0,5460
2006,62977,400.0,6.0,8.0,31850
2019,45384,369.0,1.5,3.0,72754
2020,59945,395.0,3.0,6.0,49595
2004,177028,148.0,3.0,6.0,7735
2015,95387,325.0,3.0,6.0,27209
2013,244620,304.0,3.6,6.0,7735
2023,2894,355.0,3.0,6.0,48230
2020,125529,360.0,5.7,8.0,26845
2017,57936,280.0,2.0,4.0,19110
2017,182329,245.0,2.0,4.0,15015
2015,41116,455.0,6.2,8.0,44590
2015,197579,360.0,6.0,8.0,25024
2011,312213,283.0,3.6,6.0,3185
2021,87226,191.0,2.5,4.0,21658
2014,129391,202.0,2.5,4.0,13650
2022,7242,430.0,7.3,8.0,78715
2012,205996,181.0,1.6,4.0,7735
2021,41711,228.0,2.0,4.0,29120
2008,108228,268.0,3.5,6.0,10829
2019,123919,175.0,2.5,4.0,17062
2017,78697,350.0,2.5,4.0,56875
2018,84491,395.0,5.0,8.0,31850
2020,111828,291.0,3.8,6.0,29120
2013,108666,350.0,3.4,6.0,54145
2003,140979,315.0,3.6,6.0,29120
2020,46671,355.0,3.0,6.0,63700
2006,135507,300.0,3.5,6.0,9282
2019,57936,245.0,2.0,4.0,24115
2015,108164,520.0,4.8,8.0,47274
2017,101389,469.0,4.0,8.0,38220
2012,187048,288.0,3.6,6.0,7189
2015,144841,170.0,2.5,4.0,14560
2009,67536,500.0,4.8,8.0,31850
2018,77586,276.0,3.6,6.0,22749
2003,228527,184.0,2.5,6.0,4368
2018,78375,241.0,2.0,4.0,25389
2009,181856,244.0,2.3,4.0,5004
2005,45866,355.0,3.8,6.0,57785
2022,39992,382.0,3.0,6.0,48747
2019,31886,380.0,3.0,6.0,47229
2012,175418,134.0,1.8,4.0,13600
2015,153324,184.0,2.4,4.0,11346
2017,79027,420.0,6.2,8.0,36172
2011,225954,320.0,5.3,8.0,14560
2018,193121,450.0,6.7,8.0,50050
2006,234264,250.0,3.5,6.0,4095
2017,88514,380.0,3.0,6.0,30940
2020,61155,291.0,3.8,6.0,38219
2017,59707,335.0,3.0,6.0,23774
2004,70811,190.0,4.0,6.0,22749
2007,272966,210.0,4.0,6.0,5369
2021,27228,445.0,6.6,8.0,66430
2016,135623,380.0,3.5,6.0,22951
2021,22483,395.0,3.0,6.0,68705
2016,70811,577.0,5.5,8.0,42405
2017,118593,395.0,5.7,8.0,24570
2012,167372,315.0,5.3,8.0,15015
2009,214701,332.0,3.7,6.0,13649
2021,64309,375.0,5.7,8.0,25935
2022,5171,503.0,3.0,6.0,81895
2005,40636,190.0,1.8,4.0,40040
2017,119653,375.0,3.5,6.0,32760
2012,155463,261.0,4.0,6.0,15470
2008,125207,414.0,4.0,8.0,25935
2008,194409,268.0,3.5,6.0,12649
2021,56327,261.0,2.0,4.0,34124
2011,152083,291.0,2.0,4.0,24570
2012,125529,285.0,3.6,6.0,20020
2017,268035,355.0,5.3,8.0,22704
2018,51499,272.0,2.0,4.0,20929
2015,131966,220.0,2.0,4.0,15470
2016,186040,380.0,3.5,6.0,20475
2004,273588,310.0,6.8,10.0,7735
2022,2092,410.0,6.4,8.0,43680
2010,46671,350.0,3.7,6.0,26390
2018,70811,354.0,3.0,6.0,35490
2020,72420,300.0,2.3,4.0,30485
2011,112171,265.0,2.0,4.0,20930
2007,85295,200.0,3.8,6.0,5915
2014,125540,173.0,2.5,4.0,13422
2012,166200,310.0,3.0,6.0,14105
2008,201924,360.0,4.8,8.0,7280
2007,90123,300.0,4.2,8.0,16380
2020,126655,187.0,2.5,4.0,16380
2019,152324,275.0,3.7,6.0,33670
2015,55450,300.0,3.0,6.0,25480
2016,157716,355.0,5.3,8.0,27300
2022,161,277.0,3.0,6.0,56874
2013,93342,400.0,4.4,8.0,16289
2014,88514,302.0,3.5,6.0,17518
2014,145399,300.0,3.0,6.0,19838
2019,68600,485.0,6.4,8.0,38220
2022,7649,355.0,5.3,8.0,51870
2004,233355,217.0,4.6,8.0,14105
2018,116677,362.0,3.0,6.0,54600
2013,56198,440.0,4.7,8.0,35399
2024,3288,401.0,6.6,8.0,74165
2016,40042,265.0,2.7,6.0,45499
2021,24140,248.0,2.0,4.0,36395
2004,178471,287.0,3.5,6.0,10465
2013,47315,320.0,3.0,6.0,26390
2004,64391,350.0,5.7,8.0,21385
2019,42389,308.0,3.6,6.0,33442
2015,113459,340.0,3.0,6.0,24115
2019,185075,310.0,3.5,6.0,35490
2007,284854,320.0,5.3,8.0,9782
2022,25016,134.0,1.5,3.0,25480
2013,155171,199.0,2.4,4.0,13649
2010,101389,500.0,4.8,8.0,35035
2001,275198,181.0,4.0,6.0,13650
2008,158219,170.0,2.5,4.0,6820
2018,149347,420.0,6.2,8.0,30940
2018,43797,300.0,3.0,6.0,37264
2016,146450,381.0,5.7,8.0,62335
2004,230136,335.0,5.7,8.0,2912
2013,63968,188.0,3.0,6.0,50045
2020,53108,450.0,3.5,6.0,57329
2003,114263,165.0,2.5,4.0,13559
2015,106217,199.0,2.4,4.0,14469
2017,66868,247.0,2.0,4.0,19105
2007,118287,480.0,3.6,6.0,68704
2014,152888,370.0,5.7,8.0,16289
2016,102029,252.0,2.0,4.0,17745
2022,17967,293.0,3.6,6.0,34125
2017,115815,240.0,2.0,4.0,17062
2020,102797,395.0,5.7,8.0,38129
2006,257318,225.0,3.3,6.0,5915
2015,94951,425.0,3.0,6.0,48685
2021,53752,250.0,2.0,4.0,25480
2022,15495,444.0,2.9,6.0,71435
2014,126443,188.0,2.0,4.0,14105
2017,55522,503.0,4.0,8.0,58786
2019,29646,369.0,1.5,3.0,77350
2018,130679,316.0,2.0,4.0,26231
2010,43452,268.0,3.5,6.0,20475
2012,12846,414.0,4.0,8.0,47229
2021,3219,280.0,2.0,4.0,35490
2007,311934,239.0,4.0,6.0,13604
2017,155049,445.0,6.6,8.0,48230
2016,204598,227.0,2.5,4.0,15261
2019,91375,321.0,3.0,6.0,38128
2021,53591,188.0,3.0,6.0,40950
2014,148060,445.0,4.4,8.0,21840
2023,21887,355.0,3.0,6.0,59150
2014,190707,155.0,2.0,4.0,10465
2021,65983,335.0,3.0,6.0,45500
2001,84772,260.0,4.6,8.0,15465
2004,96979,380.0,5.4,8.0,27755
2017,133535,301.0,4.6,8.0,28210
2010,110240,204.0,2.5,6.0,16835
2019,112286,227.0,2.5,4.0,25025
2015,201168,240.0,2.0,4.0,13650
2023,26071,227.0,2.5,4.0,33579
2017,61477,285.0,3.6,6.0,26845
2020,24945,268.0,2.0,4.0,27300
2015,42809,425.0,3.0,6.0,48230
2017,47828,385.0,6.2,8.0,28210
2018,177639,316.0,2.0,4.0,20020
2021,46507,523.0,4.4,8.0,64610
2020,74030,335.0,3.0,6.0,50049
2022,11668,181.0,2.0,4.0,32413
2005,201973,245.0,3.5,6.0,3594
2012,120298,188.0,1.6,4.0,11375
2016,146753,450.0,4.0,8.0,27295
2012,30705,182.0,2.4,4.0,14555
2007,41389,260.0,2.0,4.0,16289
2021,58741,420.0,6.2,8.0,77350
2003,234964,200.0,3.0,6.0,3822
2004,56971,302.0,5.0,8.0,22659
2022,25750,445.0,6.6,8.0,67335
2013,185075,429.0,4.6,8.0,32760
2014,151999,200.0,2.5,4.0,14559
2016,235286,420.0,6.2,8.0,22295
2011,247546,400.0,6.7,8.0,27118
2020,55651,335.0,3.0,6.0,50960
2002,220480,250.0,7.3,8.0,13650
2010,222204,106.0,1.5,4.0,4550
2008,306805,140.0,1.8,4.0,5005
2009,141622,480.0,3.8,6.0,51870
2022,36210,523.0,4.4,8.0,68249
2018,103830,450.0,3.5,6.0,43675
2016,140412,300.0,3.7,6.0,18199
2015,178637,240.0,2.0,4.0,13650
2014,243655,333.0,3.0,6.0,14014
2013,143232,344.0,3.8,6.0,11375
2005,246970,302.0,5.0,8.0,5278
2013,179881,211.0,2.0,4.0,15470
2012,238790,138.0,1.4,4.0,5005
2015,43452,560.0,4.4,8.0,47775
2016,28164,132.0,1.8,4.0,13741
2022,19312,315.0,2.7,6.0,60059
2011,108631,230.0,3.0,6.0,16380
2016,192880,268.0,3.5,6.0,17290
2009,168551,320.0,5.3,8.0,13650
2017,93210,340.0,3.0,6.0,30485
2017,95278,248.0,2.0,4.0,20930
2023,19312,275.0,2.3,4.0,49140
2018,114766,305.0,3.6,6.0,16288
2020,65983,280.0,2.0,4.0,29484
2014,159486,550.0,4.8,8.0,29120
2010,143875,381.0,5.7,8.0,24479
2014,43935,365.0,3.5,6.0,19565
2018,125529,475.0,6.4,8.0,40677
2023,32382,311.0,3.5,6.0,42883
2016,154497,416.0,4.0,8.0,59150
2013,128426,375.0,5.0,8.0,27291
2011,176870,122.0,1.8,4.0,4095
2002,112654,175.0,3.9,6.0,7280
2021,6598,285.0,3.6,6.0,50050
2017,115750,179.0,1.5,4.0,12467
2011,239792,262.0,3.5,6.0,7279
2017,154497,355.0,5.3,8.0,30940
2018,83203,375.0,2.0,4.0,29120
2007,133576,230.0,3.0,6.0,8185
2011,136794,300.0,3.6,6.0,19565
2018,58741,220.0,2.0,4.0,23205
2022,16093,152.0,2.0,4.0,25480
2022,35406,455.0,6.2,8.0,45500
2015,240001,350.0,6.7,6.0,31850
2007,17743,505.0,7.0,8.0,43225
2004,299526,245.0,4.0,6.0,11830
2017,115873,395.0,5.7,8.0,22022
2016,163167,245.0,2.0,4.0,14560
2017,91733,302.0,3.5,6.0,26845
2005,210824,469.0,5.4,8.0,15015
2014,284854,385.0,6.7,6.0,36855
2015,43452,426.0,6.2,8.0,30030
2022,3235,382.0,3.0,6.0,50050
2018,86100,325.0,2.7,6.0,28665
2021,70811,475.0,6.7,8.0,66430
2011,193121,288.0,3.6,6.0,6825
2019,35888,349.0,3.0,6.0,35489
2008,128748,430.0,6.2,8.0,28210
2020,61155,285.0,3.6,6.0,40950
2011,314627,310.0,5.4,8.0,8189
2016,129552,280.0,3.5,6.0,20930
2016,121472,445.0,4.4,8.0,25388
2021,40234,191.0,2.5,4.0,25935
2014,204960,328.0,3.7,6.0,18191
2002,77249,310.0,5.7,8.0,20019
2005,225308,302.0,4.6,8.0,1820
2015,141622,302.0,3.5,6.0,17745
2017,93342,550.0,5.0,8.0,46865
2007,96078,200.0,2.0,4.0,9100
2019,74030,265.0,2.0,4.0,26390
2016,117134,449.0,4.7,8.0,31759
2008,152329,360.0,4.8,8.0,6643
2010,145332,250.0,3.5,6.0,10920
2014,200693,283.0,3.6,6.0,5914
2020,67592,181.0,1.5,3.0,17290
2017,167156,295.0,3.5,6.0,22477
2021,13213,401.0,6.6,8.0,50050
2017,188293,342.0,6.0,8.0,34580
2020,49729,182.0,2.5,4.0,19110
2014,200685,410.0,6.4,8.0,27300
2015,33957,430.0,4.7,8.0,72800
2014,203582,300.0,3.0,6.0,13650
2004,70336,350.0,5.7,8.0,23569
2021,14713,430.0,3.5,6.0,55965
2007,218871,273.0,4.7,8.0,11375
2020,85941,375.0,3.5,6.0,35945
2013,224270,333.0,3.0,6.0,19019
2014,222757,365.0,3.5,6.0,14105
2019,66788,369.0,1.5,3.0,78260
2009,197949,300.0,3.0,6.0,13650
2016,109757,300.0,3.7,6.0,15242
2012,184270,403.0,6.2,8.0,14651
2012,78858,400.0,4.8,8.0,37765
2016,88514,333.0,3.0,6.0,25480
2007,96078,268.0,3.5,6.0,8645
2017,88514,340.0,3.0,6.0,22750
2011,133516,332.0,6.0,8.0,19105
2010,124563,416.0,5.0,8.0,31395
2006,247586,300.0,4.4,8.0,9054
2005,306411,184.0,2.5,6.0,4550
2017,107826,300.0,3.0,6.0,20930
2007,40209,236.0,4.0,6.0,30558
2015,138404,317.0,5.6,8.0,26845
2013,98403,560.0,4.4,8.0,34125
2011,285984,179.0,2.5,4.0,7007
2021,43452,270.0,4.0,6.0,44135
2017,134055,248.0,2.0,4.0,16653
2009,178637,197.0,3.8,6.0,7189
2011,162190,300.0,3.0,6.0,10920
2004,232985,210.0,3.7,6.0,5915
2022,12231,455.0,6.2,8.0,41860
2021,36049,471.0,5.0,8.0,74529
2022,32700,300.0,2.5,4.0,40267
2010,240533,202.0,3.8,6.0,9737
2019,30658,383.0,5.7,8.0,69979
2019,37726,285.0,3.6,6.0,40495
2021,43452,285.0,3.6,6.0,34125
2022,26876,181.0,1.5,3.0,28210
2011,19795,430.0,6.2,8.0,40950
2022,53108,228.0,2.0,4.0,27299
2017,120701,248.0,2.0,4.0,18200
2022,20921,261.0,2.0,4.0,54600
2021,28968,362.0,3.0,6.0,56420
2017,77570,240.0,2.0,4.0,22748
2016,122632,420.0,3.6,6.0,38220
2017,220480,186.0,2.0,4.0,10005
2014,135909,302.0,3.5,6.0,17290
2018,102113,220.0,2.0,4.0,22136
2015,143071,354.0,3.5,6.0,14105
2019,16898,463.0,4.0,8.0,70889
2008,259104,390.0,6.0,8.0,15470
2023,2157,177.0,1.6,4.0,37310
2008,260714,263.0,2.3,4.0,5915
2015,260714,155.0,2.0,4.0,10465
2017,116999,300.0,3.0,6.0,25024
2015,256690,420.0,6.2,8.0,17108
2019,37148,255.0,2.0,4.0,30485
2018,24229,416.0,3.5,6.0,53690
2013,91708,400.0,3.8,6.0,59969
2022,26554,308.0,3.6,6.0,29939
2017,74828,375.0,5.6,8.0,37310
2013,143537,305.0,3.7,6.0,14104
2014,59015,400.0,3.8,6.0,75074
2016,103964,440.0,3.6,6.0,37310
2014,133540,445.0,4.4,8.0,17017
2019,92537,365.0,3.3,6.0,30021
2008,239374,224.0,2.5,4.0,13195
2013,33474,252.0,2.0,4.0,18013
2016,78053,180.0,2.4,4.0,14559
2018,46349,362.0,3.0,6.0,43680
2014,198361,386.0,4.6,8.0,22745
2013,124962,536.0,5.5,8.0,36400
2021,19312,444.0,2.9,6.0,70525
2020,114585,250.0,2.0,4.0,17199
2017,257495,152.0,2.0,4.0,7052
2023,25492,296.0,2.0,4.0,63609
2016,83855,220.0,2.0,4.0,18654
2014,123678,429.0,4.7,8.0,30029
2018,119333,420.0,6.2,8.0,40950
2001,201168,200.0,2.2,4.0,16380
